;TCO (€/km);LCE (gGHG/km);TCO_Capex (€);TCO_Opex (€/km);Em_fc (gGHG/km);Em_vc (gGHG);FE;E_batt;P_batt;P_fc;C3;C5;Em_elFC;Em_elVC;cd;cd_phev;Em_elBatt;L;D;r;C_fuel;C_batt;C_fc;X1;X2;X3;X4;X5;X6;X7;X8;X9;X10;X11;X12;X13;X14;C_main;m_curb;C_msrp;P_battSet;E_battSet;P_fcSet;C_battSet;C_fcSet;CF;w_h2;w_synth;s_ren
300;0.4072;492.2485;24302.0;0.1983;476.788;1798653.8864;3.5319;0.0;0.0;0.0;43.0534;0.0;501.0331;596.9575;0.0;0.0;891.4603;11.1285;10454.1422;1.7491;1.4323;0.0;0.0;58.76;1.716;1.12;2.4;2.25;0.0;0.0;0.0;0.0;0.0;0.0;0.0;0.0;0.0;790.0;1395.0;24302.0;0.0;0.0;0.0;0.0;0.0;1.0;1.0;11.6;0.0
301;0.439;385.8339;24302.0;0.214;369.5527;1758323.572;3.2559;0.0;0.0;0.0;42.8726;0.0;419.4954;583.5483;0.0;0.0;878.4605;10.7967;10002.8011;1.524;1.5418;0.0;0.0;58.76;1.716;1.12;2.4;2.25;0.0;0.0;0.0;0.0;0.0;0.0;0.0;0.0;0.0;790.0;1395.0;24302.0;0.0;0.0;0.0;0.0;0.0;1.0;1.0;11.6;0.0
302;0.4962;649.7205;24302.0;0.2369;631.4707;1710520.4255;5.1065;0.0;0.0;0.0;42.7561;0.0;455.7954;567.6545;0.0;0.0;883.3303;11.3775;8238.0115;2.9125;1.5765;0.0;0.0;58.76;1.716;1.12;2.4;2.25;0.0;0.0;0.0;0.0;0.0;0.0;0.0;0.0;0.0;790.0;1395.0;24302.0;0.0;0.0;0.0;0.0;0.0;1.0;1.0;11.6;0.0
303;0.4678;746.7342;24302.0;0.2636;732.3655;1709722.1925;5.2167;0.0;0.0;0.0;43.4415;0.0;525.7495;567.3891;0.0;0.0;864.0222;10.8044;11013.1113;1.6023;1.7355;0.0;0.0;58.76;1.716;1.12;2.4;2.25;0.0;0.0;0.0;0.0;0.0;0.0;0.0;0.0;0.0;790.0;1395.0;24302.0;0.0;0.0;0.0;0.0;0.0;1.0;1.0;11.6;0.0
304;0.3992;530.5229;24302.0;0.1981;516.8042;1658238.2717;3.5683;0.0;0.0;0.0;44.0429;0.0;549.8986;550.2715;0.0;0.0;892.5906;11.9735;10095.1774;1.7457;1.3384;0.0;0.0;58.76;1.716;1.12;2.4;2.25;0.0;0.0;0.0;0.0;0.0;0.0;0.0;0.0;0.0;790.0;1395.0;24302.0;0.0;0.0;0.0;0.0;0.0;1.0;1.0;11.6;0.0
305;0.4502;576.1947;24302.0;0.2183;559.0093;1801097.3094;5.3602;0.0;0.0;0.0;45.9957;0.0;413.5207;597.7699;0.0;0.0;869.973;11.2236;9337.8096;2.8722;1.4431;0.0;0.0;58.76;1.716;1.12;2.4;2.25;0.0;0.0;0.0;0.0;0.0;0.0;0.0;0.0;0.0;790.0;1395.0;24302.0;0.0;0.0;0.0;0.0;0.0;1.0;1.0;11.6;0.0
306;0.3914;542.9632;24302.0;0.1947;529.1057;1712225.1672;4.1682;0.0;0.0;0.0;45.9783;0.0;503.14;568.2213;0.0;0.0;891.0861;11.5926;10658.543;2.6377;1.6088;0.0;0.0;58.76;1.716;1.12;2.4;2.25;0.0;0.0;0.0;0.0;0.0;0.0;0.0;0.0;0.0;790.0;1395.0;24302.0;0.0;0.0;0.0;0.0;0.0;1.0;1.0;11.6;0.0
307;0.4798;539.7855;24302.0;0.2222;520.6798;1802267.5899;3.8497;0.0;0.0;0.0;43.598;0.0;508.3378;598.159;0.0;0.0;885.2341;10.3003;9158.1289;1.8035;1.4739;0.0;0.0;58.76;1.716;1.12;2.4;2.25;0.0;0.0;0.0;0.0;0.0;0.0;0.0;0.0;0.0;790.0;1395.0;24302.0;0.0;0.0;0.0;0.0;0.0;1.0;1.0;11.6;0.0
308;0.4013;555.2266;24302.0;0.1957;540.4745;1743504.5304;3.7099;0.0;0.0;0.0;43.7301;0.0;549.2063;578.6212;0.0;0.0;867.818;11.4672;10306.5153;2.0516;1.4817;0.0;0.0;58.76;1.716;1.12;2.4;2.25;0.0;0.0;0.0;0.0;0.0;0.0;0.0;0.0;0.0;790.0;1395.0;24302.0;0.0;0.0;0.0;0.0;0.0;1.0;1.0;11.6;0.0
309;0.457;706.5745;24302.0;0.2383;691.3283;1694359.0652;5.3924;0.0;0.0;0.0;42.9389;0.0;474.5644;562.2811;0.0;0.0;897.4716;10.4843;10599.9577;2.424;1.7456;0.0;0.0;58.76;1.716;1.12;2.4;2.25;0.0;0.0;0.0;0.0;0.0;0.0;0.0;0.0;0.0;790.0;1395.0;24302.0;0.0;0.0;0.0;0.0;0.0;1.0;1.0;11.6;0.0
310;0.4895;606.1583;24302.0;0.2373;587.7972;1769350.8566;4.2408;0.0;0.0;0.0;44.4607;0.0;531.2489;587.2147;0.0;0.0;873.5753;11.7262;8217.8427;2.3982;1.6807;0.0;0.0;58.76;1.716;1.12;2.4;2.25;0.0;0.0;0.0;0.0;0.0;0.0;0.0;0.0;0.0;790.0;1395.0;24302.0;0.0;0.0;0.0;0.0;0.0;1.0;1.0;11.6;0.0
311;0.5405;656.1529;24302.0;0.255;635.2237;1781558.9485;5.9022;0.0;0.0;0.0;44.4817;0.0;412.7016;591.2737;0.0;0.0;886.4954;10.5315;8082.7126;2.3597;1.3808;0.0;0.0;58.76;1.716;1.12;2.4;2.25;0.0;0.0;0.0;0.0;0.0;0.0;0.0;0.0;0.0;790.0;1395.0;24302.0;0.0;0.0;0.0;0.0;0.0;1.0;1.0;11.6;0.0
312;0.3649;441.6562;24302.0;0.1632;427.3225;1726832.4695;3.7189;0.0;0.0;0.0;44.1041;0.0;436.8801;573.078;0.0;0.0;894.0527;10.123;11900.9672;2.977;1.5028;0.0;0.0;58.76;1.716;1.12;2.4;2.25;0.0;0.0;0.0;0.0;0.0;0.0;0.0;0.0;0.0;790.0;1395.0;24302.0;0.0;0.0;0.0;0.0;0.0;1.0;1.0;11.6;0.0
313;0.44;518.5557;24302.0;0.214;502.1631;1762858.8225;3.7877;0.0;0.0;0.0;45.7011;0.0;522.3215;585.0562;0.0;0.0;877.3013;11.7542;9149.0932;2.0113;1.4936;0.0;0.0;58.76;1.716;1.12;2.4;2.25;0.0;0.0;0.0;0.0;0.0;0.0;0.0;0.0;0.0;790.0;1395.0;24302.0;0.0;0.0;0.0;0.0;0.0;1.0;1.0;11.6;0.0
314;0.5115;785.9393;24302.0;0.2641;768.2217;1740455.0639;5.8796;0.0;0.0;0.0;43.0247;0.0;484.617;577.6073;0.0;0.0;896.7995;11.694;8400.3051;2.0372;1.4146;0.0;0.0;58.76;1.716;1.12;2.4;2.25;0.0;0.0;0.0;0.0;0.0;0.0;0.0;0.0;0.0;790.0;1395.0;24302.0;0.0;0.0;0.0;0.0;0.0;1.0;1.0;11.6;0.0
315;0.3898;533.2026;24302.0;0.1732;518.0058;1705407.4035;3.6786;0.0;0.0;0.0;43.9158;0.0;533.1076;565.9545;0.0;0.0;861.8393;10.6934;10494.4799;2.4663;1.3018;0.0;0.0;58.76;1.716;1.12;2.4;2.25;0.0;0.0;0.0;0.0;0.0;0.0;0.0;0.0;0.0;790.0;1395.0;24302.0;0.0;0.0;0.0;0.0;0.0;1.0;1.0;11.6;0.0
316;0.5366;722.6074;24302.0;0.2492;701.2758;1803753.0732;5.7418;0.0;0.0;0.0;43.9406;0.0;462.646;598.6529;0.0;0.0;865.9164;10.1834;8303.4917;2.5267;1.452;0.0;0.0;58.76;1.716;1.12;2.4;2.25;0.0;0.0;0.0;0.0;0.0;0.0;0.0;0.0;0.0;790.0;1395.0;24302.0;0.0;0.0;0.0;0.0;0.0;1.0;1.0;11.6;0.0
317;0.3937;666.389;24302.0;0.196;652.4271;1715919.7767;5.4678;0.0;0.0;0.0;45.4349;0.0;467.3594;569.4497;0.0;0.0;888.9661;10.3762;11844.435;2.4795;1.3343;0.0;0.0;58.76;1.716;1.12;2.4;2.25;0.0;0.0;0.0;0.0;0.0;0.0;0.0;0.0;0.0;790.0;1395.0;24302.0;0.0;0.0;0.0;0.0;0.0;1.0;1.0;11.6;0.0
318;0.5436;724.818;24302.0;0.2707;705.2638;1741094.7932;5.6886;0.0;0.0;0.0;42.3577;0.0;452.7105;577.82;0.0;0.0;853.5311;11.0504;8057.5743;2.1847;1.5408;0.0;0.0;58.76;1.716;1.12;2.4;2.25;0.0;0.0;0.0;0.0;0.0;0.0;0.0;0.0;0.0;790.0;1395.0;24302.0;0.0;0.0;0.0;0.0;0.0;1.0;1.0;11.6;0.0
319;0.4604;512.0059;24302.0;0.2308;496.1461;1678818.7868;3.7516;0.0;0.0;0.0;42.2463;0.0;481.6413;557.1142;0.0;0.0;899.31;10.0465;10536.3612;1.7217;1.8944;0.0;0.0;58.76;1.716;1.12;2.4;2.25;0.0;0.0;0.0;0.0;0.0;0.0;0.0;0.0;0.0;790.0;1395.0;24302.0;0.0;0.0;0.0;0.0;0.0;1.0;1.0;11.6;0.0
320;0.4847;485.9035;24302.0;0.2273;466.7989;1803413.5084;4.1294;0.0;0.0;0.0;44.6595;0.0;435.2099;598.54;0.0;0.0;878.3429;10.2969;9167.5014;2.4854;1.8405;0.0;0.0;58.76;1.716;1.12;2.4;2.25;0.0;0.0;0.0;0.0;0.0;0.0;0.0;0.0;0.0;790.0;1395.0;24302.0;0.0;0.0;0.0;0.0;0.0;1.0;1.0;11.6;0.0
321;0.5104;543.8545;24302.0;0.2526;525.3221;1747249.6686;4.4319;0.0;0.0;0.0;45.3624;0.0;463.5256;579.8664;0.0;0.0;865.6224;10.2594;9189.6625;1.6725;1.627;0.0;0.0;58.76;1.716;1.12;2.4;2.25;0.0;0.0;0.0;0.0;0.0;0.0;0.0;0.0;0.0;790.0;1395.0;24302.0;0.0;0.0;0.0;0.0;0.0;1.0;1.0;11.6;0.0
322;0.5526;747.5725;24302.0;0.3097;729.8875;1769693.7298;5.4022;0.0;0.0;0.0;44.2565;0.0;515.4711;587.3287;0.0;0.0;872.5475;11.6146;8615.6408;1.5948;1.827;0.0;0.0;58.76;1.716;1.12;2.4;2.25;0.0;0.0;0.0;0.0;0.0;0.0;0.0;0.0;0.0;790.0;1395.0;24302.0;0.0;0.0;0.0;0.0;0.0;1.0;1.0;11.6;0.0
323;0.4706;632.1383;24302.0;0.2203;614.3678;1725150.2852;4.8297;0.0;0.0;0.0;45.0076;0.0;493.5557;572.5187;0.0;0.0;871.5124;10.6467;9118.2759;2.8821;1.594;0.0;0.0;58.76;1.716;1.12;2.4;2.25;0.0;0.0;0.0;0.0;0.0;0.0;0.0;0.0;0.0;790.0;1395.0;24302.0;0.0;0.0;0.0;0.0;0.0;1.0;1.0;11.6;0.0
324;0.4769;410.1363;24302.0;0.2226;392.4227;1692869.672;3.1237;0.0;0.0;0.0;44.3807;0.0;480.6412;561.7859;0.0;0.0;867.6389;11.2811;8471.5895;1.9895;1.7569;0.0;0.0;58.76;1.716;1.12;2.4;2.25;0.0;0.0;0.0;0.0;0.0;0.0;0.0;0.0;0.0;790.0;1395.0;24302.0;0.0;0.0;0.0;0.0;0.0;1.0;1.0;11.6;0.0
325;0.4518;857.3826;24302.0;0.2531;843.0044;1758717.2747;5.9534;0.0;0.0;0.0;43.1352;0.0;526.5488;583.6792;0.0;0.0;859.8011;10.9167;11204.7208;2.3221;1.7895;0.0;0.0;58.76;1.716;1.12;2.4;2.25;0.0;0.0;0.0;0.0;0.0;0.0;0.0;0.0;0.0;790.0;1395.0;24302.0;0.0;0.0;0.0;0.0;0.0;1.0;1.0;11.6;0.0
326;0.389;461.0674;24302.0;0.1842;446.8874;1682922.1373;3.4903;0.0;0.0;0.0;43.7273;0.0;482.6475;558.4785;0.0;0.0;876.7089;10.9344;10854.0817;2.4068;1.6413;0.0;0.0;58.76;1.716;1.12;2.4;2.25;0.0;0.0;0.0;0.0;0.0;0.0;0.0;0.0;0.0;790.0;1395.0;24302.0;0.0;0.0;0.0;0.0;0.0;1.0;1.0;11.6;0.0
327;0.4129;613.6144;24302.0;0.2127;599.5509;1707483.8919;4.4217;0.0;0.0;0.0;42.8899;0.0;501.3417;566.6449;0.0;0.0;858.2952;10.4214;11650.3151;2.0078;1.677;0.0;0.0;58.76;1.716;1.12;2.4;2.25;0.0;0.0;0.0;0.0;0.0;0.0;0.0;0.0;0.0;790.0;1395.0;24302.0;0.0;0.0;0.0;0.0;0.0;1.0;1.0;11.6;0.0
328;0.3779;445.6712;24302.0;0.1759;431.6318;1688737.1472;3.9395;0.0;0.0;0.0;43.8442;0.0;414.1203;560.4119;0.0;0.0;877.5925;10.7049;11236.5133;2.7709;1.4979;0.0;0.0;58.76;1.716;1.12;2.4;2.25;0.0;0.0;0.0;0.0;0.0;0.0;0.0;0.0;0.0;790.0;1395.0;24302.0;0.0;0.0;0.0;0.0;0.0;1.0;1.0;11.6;0.0
329;0.4508;465.6414;24302.0;0.2297;450.3775;1677755.2782;4.0054;0.0;0.0;0.0;44.5868;0.0;432.1944;556.7606;0.0;0.0;860.1681;11.8773;9254.3519;1.9581;1.6635;0.0;0.0;58.76;1.716;1.12;2.4;2.25;0.0;0.0;0.0;0.0;0.0;0.0;0.0;0.0;0.0;790.0;1395.0;24302.0;0.0;0.0;0.0;0.0;0.0;1.0;1.0;11.6;0.0
330;0.4207;431.2077;24302.0;0.1856;414.0988;1768620.8975;3.0527;0.0;0.0;0.0;43.878;0.0;513.1079;586.972;0.0;0.0;886.8937;11.3842;9080.4989;2.8434;1.65;0.0;0.0;58.76;1.716;1.12;2.4;2.25;0.0;0.0;0.0;0.0;0.0;0.0;0.0;0.0;0.0;790.0;1395.0;24302.0;0.0;0.0;0.0;0.0;0.0;1.0;1.0;11.6;0.0
331;0.5273;697.4826;24302.0;0.2699;679.3069;1716152.5696;4.9596;0.0;0.0;0.0;44.0287;0.0;519.873;569.5271;0.0;0.0;876.5406;11.327;8335.8641;1.6266;1.461;0.0;0.0;58.76;1.716;1.12;2.4;2.25;0.0;0.0;0.0;0.0;0.0;0.0;0.0;0.0;0.0;790.0;1395.0;24302.0;0.0;0.0;0.0;0.0;0.0;1.0;1.0;11.6;0.0
332;0.3857;512.957;24302.0;0.1765;498.543;1674293.4615;3.5111;0.0;0.0;0.0;44.7776;0.0;548.1031;555.6096;0.0;0.0;896.3149;10.3573;11215.0696;2.0029;1.3459;0.0;0.0;58.76;1.716;1.12;2.4;2.25;0.0;0.0;0.0;0.0;0.0;0.0;0.0;0.0;0.0;790.0;1395.0;24302.0;0.0;0.0;0.0;0.0;0.0;1.0;1.0;11.6;0.0
333;0.5466;637.6633;24302.0;0.2808;618.406;1760617.2135;5.0032;0.0;0.0;0.0;45.7971;0.0;487.9843;584.3109;0.0;0.0;853.8607;10.8843;8399.8036;1.9316;1.8201;0.0;0.0;58.76;1.716;1.12;2.4;2.25;0.0;0.0;0.0;0.0;0.0;0.0;0.0;0.0;0.0;790.0;1395.0;24302.0;0.0;0.0;0.0;0.0;0.0;1.0;1.0;11.6;0.0
334;0.4309;717.254;24302.0;0.2286;703.3093;1674936.1985;5.1665;0.0;0.0;0.0;43.0381;0.0;505.0624;555.8233;0.0;0.0;850.0623;11.8056;10174.2469;2.7125;1.7292;0.0;0.0;58.76;1.716;1.12;2.4;2.25;0.0;0.0;0.0;0.0;0.0;0.0;0.0;0.0;0.0;790.0;1395.0;24302.0;0.0;0.0;0.0;0.0;0.0;1.0;1.0;11.6;0.0
335;0.4505;532.2558;24302.0;0.2247;515.8268;1768313.5147;3.731;0.0;0.0;0.0;42.1314;0.0;502.142;586.8698;0.0;0.0;887.3994;11.4421;9406.8063;1.6866;1.5307;0.0;0.0;58.76;1.716;1.12;2.4;2.25;0.0;0.0;0.0;0.0;0.0;0.0;0.0;0.0;0.0;790.0;1395.0;24302.0;0.0;0.0;0.0;0.0;0.0;1.0;1.0;11.6;0.0
336;0.4524;632.3874;24302.0;0.222;615.9049;1738472.7152;4.4564;0.0;0.0;0.0;45.4122;0.0;541.0583;576.9482;0.0;0.0;863.6977;10.096;10447.1286;2.2851;1.7709;0.0;0.0;58.76;1.716;1.12;2.4;2.25;0.0;0.0;0.0;0.0;0.0;0.0;0.0;0.0;0.0;790.0;1395.0;24302.0;0.0;0.0;0.0;0.0;0.0;1.0;1.0;11.6;0.0
337;0.4187;508.1268;24302.0;0.1965;492.1807;1743992.3728;3.457;0.0;0.0;0.0;42.7412;0.0;524.5826;578.7834;0.0;0.0;890.5437;11.0176;9926.6054;1.9436;1.449;0.0;0.0;58.76;1.716;1.12;2.4;2.25;0.0;0.0;0.0;0.0;0.0;0.0;0.0;0.0;0.0;790.0;1395.0;24302.0;0.0;0.0;0.0;0.0;0.0;1.0;1.0;11.6;0.0
338;0.4713;817.9064;24302.0;0.2256;800.54;1717870.545;5.5835;0.0;0.0;0.0;42.6945;0.0;527.7041;570.0983;0.0;0.0;888.0548;10.273;9629.0374;2.2253;1.3201;0.0;0.0;58.76;1.716;1.12;2.4;2.25;0.0;0.0;0.0;0.0;0.0;0.0;0.0;0.0;0.0;790.0;1395.0;24302.0;0.0;0.0;0.0;0.0;0.0;1.0;1.0;11.6;0.0
339;0.4357;510.3675;24302.0;0.2082;493.4491;1807562.2746;3.608;0.0;0.0;0.0;43.9316;0.0;517.9584;599.9194;0.0;0.0;893.2864;10.4544;10219.6568;1.9849;1.6951;0.0;0.0;58.76;1.716;1.12;2.4;2.25;0.0;0.0;0.0;0.0;0.0;0.0;0.0;0.0;0.0;790.0;1395.0;24302.0;0.0;0.0;0.0;0.0;0.0;1.0;1.0;11.6;0.0
340;0.4362;499.4685;24302.0;0.2111;483.3178;1743588.1433;4.1866;0.0;0.0;0.0;44.9192;0.0;447.0389;578.649;0.0;0.0;853.7167;10.7797;10014.8406;2.5297;1.7309;0.0;0.0;58.76;1.716;1.12;2.4;2.25;0.0;0.0;0.0;0.0;0.0;0.0;0.0;0.0;0.0;790.0;1395.0;24302.0;0.0;0.0;0.0;0.0;0.0;1.0;1.0;11.6;0.0
341;0.3979;554.3226;24302.0;0.1939;539.4198;1775069.0198;3.8758;0.0;0.0;0.0;42.5059;0.0;509.9842;589.1159;0.0;0.0;870.6798;10.4098;11442.0644;2.2081;1.6622;0.0;0.0;58.76;1.716;1.12;2.4;2.25;0.0;0.0;0.0;0.0;0.0;0.0;0.0;0.0;0.0;790.0;1395.0;24302.0;0.0;0.0;0.0;0.0;0.0;1.0;1.0;11.6;0.0
342;0.4723;647.5053;24302.0;0.2315;629.8597;1780852.4492;5.2702;0.0;0.0;0.0;45.5883;0.0;469.6909;591.0388;0.0;0.0;862.5381;10.5203;9593.1831;2.1282;1.4268;0.0;0.0;58.76;1.716;1.12;2.4;2.25;0.0;0.0;0.0;0.0;0.0;0.0;0.0;0.0;0.0;790.0;1395.0;24302.0;0.0;0.0;0.0;0.0;0.0;1.0;1.0;11.6;0.0
343;0.3824;529.031;24302.0;0.1967;515.4624;1776006.2067;4.064;0.0;0.0;0.0;44.0879;0.0;482.064;589.4275;0.0;0.0;856.6205;11.9246;10976.5491;1.8937;1.3987;0.0;0.0;58.76;1.716;1.12;2.4;2.25;0.0;0.0;0.0;0.0;0.0;0.0;0.0;0.0;0.0;790.0;1395.0;24302.0;0.0;0.0;0.0;0.0;0.0;1.0;1.0;11.6;0.0
344;0.4393;474.6766;24302.0;0.1887;457.233;1691650.0659;3.8444;0.0;0.0;0.0;44.8227;0.0;459.5672;561.3804;0.0;0.0;874.4666;10.133;9570.5549;2.8527;1.4888;0.0;0.0;58.76;1.716;1.12;2.4;2.25;0.0;0.0;0.0;0.0;0.0;0.0;0.0;0.0;0.0;790.0;1395.0;24302.0;0.0;0.0;0.0;0.0;0.0;1.0;1.0;11.6;0.0
345;0.4313;701.7375;24302.0;0.232;687.8433;1694074.2398;4.6413;0.0;0.0;0.0;42.1465;0.0;538.4599;562.1864;0.0;0.0;875.086;10.6062;11495.7288;1.9101;1.8009;0.0;0.0;58.76;1.716;1.12;2.4;2.25;0.0;0.0;0.0;0.0;0.0;0.0;0.0;0.0;0.0;790.0;1395.0;24302.0;0.0;0.0;0.0;0.0;0.0;1.0;1.0;11.6;0.0
346;0.3622;340.4267;24302.0;0.1716;327.2737;1676932.984;3.0254;0.0;0.0;0.0;45.9373;0.0;428.3865;556.4872;0.0;0.0;884.4158;11.2712;11311.5307;2.0288;1.4925;0.0;0.0;58.76;1.716;1.12;2.4;2.25;0.0;0.0;0.0;0.0;0.0;0.0;0.0;0.0;0.0;790.0;1395.0;24302.0;0.0;0.0;0.0;0.0;0.0;1.0;1.0;11.6;0.0
347;0.3639;507.3595;24302.0;0.1804;494.0232;1766094.1624;3.5178;0.0;0.0;0.0;43.272;0.0;523.872;586.1319;0.0;0.0;895.0069;11.2467;11774.8248;2.2129;1.6251;0.0;0.0;58.76;1.716;1.12;2.4;2.25;0.0;0.0;0.0;0.0;0.0;0.0;0.0;0.0;0.0;790.0;1395.0;24302.0;0.0;0.0;0.0;0.0;0.0;1.0;1.0;11.6;0.0
348;0.4436;394.7149;24302.0;0.2024;377.9443;1689499.589;3.0657;0.0;0.0;0.0;44.2444;0.0;470.2172;560.6654;0.0;0.0;865.721;10.4293;9659.5237;1.5702;1.3679;0.0;0.0;58.76;1.716;1.12;2.4;2.25;0.0;0.0;0.0;0.0;0.0;0.0;0.0;0.0;0.0;790.0;1395.0;24302.0;0.0;0.0;0.0;0.0;0.0;1.0;1.0;11.6;0.0
349;0.3777;652.8232;24302.0;0.1913;638.9933;1802826.1124;4.7981;0.0;0.0;0.0;44.0387;0.0;505.5959;598.3447;0.0;0.0;860.1108;11.0572;11789.4095;2.4174;1.424;0.0;0.0;58.76;1.716;1.12;2.4;2.25;0.0;0.0;0.0;0.0;0.0;0.0;0.0;0.0;0.0;790.0;1395.0;24302.0;0.0;0.0;0.0;0.0;0.0;1.0;1.0;11.6;0.0
350;0.5261;587.4577;24302.0;0.2817;570.7635;1659799.548;5.375;0.0;0.0;0.0;44.7202;0.0;409.377;550.7906;0.0;0.0;860.8442;11.0441;9002.4011;2.0229;1.8754;0.0;0.0;58.76;1.716;1.12;2.4;2.25;0.0;0.0;0.0;0.0;0.0;0.0;0.0;0.0;0.0;790.0;1395.0;24302.0;0.0;0.0;0.0;0.0;0.0;1.0;1.0;11.6;0.0
351;0.4829;733.9106;24302.0;0.2369;716.8596;1684248.5154;5.4931;0.0;0.0;0.0;42.27;0.0;475.5442;558.9195;0.0;0.0;872.0051;10.644;9280.1042;2.5987;1.5653;0.0;0.0;58.76;1.716;1.12;2.4;2.25;0.0;0.0;0.0;0.0;0.0;0.0;0.0;0.0;0.0;790.0;1395.0;24302.0;0.0;0.0;0.0;0.0;0.0;1.0;1.0;11.6;0.0
352;0.4689;603.69;24302.0;0.2327;587.4591;1670259.2872;5.0011;0.0;0.0;0.0;43.3661;0.0;439.1415;554.2683;0.0;0.0;890.3335;10.2405;10048.9325;2.3094;1.6761;0.0;0.0;58.76;1.716;1.12;2.4;2.25;0.0;0.0;0.0;0.0;0.0;0.0;0.0;0.0;0.0;790.0;1395.0;24302.0;0.0;0.0;0.0;0.0;0.0;1.0;1.0;11.6;0.0
353;0.4411;498.1559;24302.0;0.2186;481.9746;1767286.3988;3.6682;0.0;0.0;0.0;45.143;0.0;511.3327;586.5283;0.0;0.0;882.4274;11.369;9606.6107;1.7994;1.5904;0.0;0.0;58.76;1.716;1.12;2.4;2.25;0.0;0.0;0.0;0.0;0.0;0.0;0.0;0.0;0.0;790.0;1395.0;24302.0;0.0;0.0;0.0;0.0;0.0;1.0;1.0;11.6;0.0
354;0.4854;778.5096;24302.0;0.2262;759.9032;1744278.1005;5.1317;0.0;0.0;0.0;42.0153;0.0;536.3478;578.8784;0.0;0.0;859.584;10.7668;8706.9617;2.3175;1.3121;0.0;0.0;58.76;1.716;1.12;2.4;2.25;0.0;0.0;0.0;0.0;0.0;0.0;0.0;0.0;0.0;790.0;1395.0;24302.0;0.0;0.0;0.0;0.0;0.0;1.0;1.0;11.6;0.0
355;0.4318;642.4031;24302.0;0.2375;628.4481;1745733.5072;5.9751;0.0;0.0;0.0;45.4047;0.0;411.6869;579.3623;0.0;0.0;899.2028;10.5456;11862.4935;2.5801;1.7503;0.0;0.0;58.76;1.716;1.12;2.4;2.25;0.0;0.0;0.0;0.0;0.0;0.0;0.0;0.0;0.0;790.0;1395.0;24302.0;0.0;0.0;0.0;0.0;0.0;1.0;1.0;11.6;0.0
356;0.4697;797.3107;24302.0;0.24;780.8833;1737643.8041;5.2886;0.0;0.0;0.0;42.0902;0.0;535.7577;576.6726;0.0;0.0;851.2627;11.3071;9354.9548;2.092;1.4721;0.0;0.0;58.76;1.716;1.12;2.4;2.25;0.0;0.0;0.0;0.0;0.0;0.0;0.0;0.0;0.0;790.0;1395.0;24302.0;0.0;0.0;0.0;0.0;0.0;1.0;1.0;11.6;0.0
357;0.5479;665.1611;24302.0;0.2753;646.0521;1703310.7637;5.7115;0.0;0.0;0.0;44.5169;0.0;434.0945;565.2574;0.0;0.0;862.8578;11.1383;8002.7141;2.6004;1.7533;0.0;0.0;58.76;1.716;1.12;2.4;2.25;0.0;0.0;0.0;0.0;0.0;0.0;0.0;0.0;0.0;790.0;1395.0;24302.0;0.0;0.0;0.0;0.0;0.0;1.0;1.0;11.6;0.0
358;0.4344;775.0461;24302.0;0.2387;761.2791;1709248.4861;5.4375;0.0;0.0;0.0;43.6906;0.0;527.3205;567.2316;0.0;0.0;888.3875;11.5084;10788.2665;2.6591;1.8425;0.0;0.0;58.76;1.716;1.12;2.4;2.25;0.0;0.0;0.0;0.0;0.0;0.0;0.0;0.0;0.0;790.0;1395.0;24302.0;0.0;0.0;0.0;0.0;0.0;1.0;1.0;11.6;0.0
359;0.3455;410.2394;24302.0;0.165;397.4446;1722285.7899;3.198;0.0;0.0;0.0;44.7195;0.0;479.112;571.5663;0.0;0.0;875.7742;11.6548;11549.5761;2.7876;1.6583;0.0;0.0;58.76;1.716;1.12;2.4;2.25;0.0;0.0;0.0;0.0;0.0;0.0;0.0;0.0;0.0;790.0;1395.0;24302.0;0.0;0.0;0.0;0.0;0.0;1.0;1.0;11.6;0.0
360;0.4142;696.9439;24302.0;0.2129;683.1121;1670100.182;5.2425;0.0;0.0;0.0;42.1625;0.0;473.6111;554.2154;0.0;0.0;899.7441;11.2127;10768.4127;2.8761;1.6153;0.0;0.0;58.76;1.716;1.12;2.4;2.25;0.0;0.0;0.0;0.0;0.0;0.0;0.0;0.0;0.0;790.0;1395.0;24302.0;0.0;0.0;0.0;0.0;0.0;1.0;1.0;11.6;0.0
361;0.4683;840.8572;24302.0;0.2551;825.4126;1760190.4265;5.8638;0.0;0.0;0.0;43.6869;0.0;530.1334;584.169;0.0;0.0;880.2702;10.0334;11358.8162;2.3135;1.8522;0.0;0.0;58.76;1.716;1.12;2.4;2.25;0.0;0.0;0.0;0.0;0.0;0.0;0.0;0.0;0.0;790.0;1395.0;24302.0;0.0;0.0;0.0;0.0;0.0;1.0;1.0;11.6;0.0
362;0.4265;753.5739;24302.0;0.2236;738.791;1770630.9167;5.3371;0.0;0.0;0.0;44.7887;0.0;534.4742;587.6403;0.0;0.0;854.1091;11.0815;10808.6328;2.2772;1.544;0.0;0.0;58.76;1.716;1.12;2.4;2.25;0.0;0.0;0.0;0.0;0.0;0.0;0.0;0.0;0.0;790.0;1395.0;24302.0;0.0;0.0;0.0;0.0;0.0;1.0;1.0;11.6;0.0
363;0.4427;645.8236;24302.0;0.2472;631.6547;1761469.5843;5.3013;0.0;0.0;0.0;45.5356;0.0;467.7248;584.5943;0.0;0.0;892.4624;11.2767;11024.3926;1.7353;1.6062;0.0;0.0;58.76;1.716;1.12;2.4;2.25;0.0;0.0;0.0;0.0;0.0;0.0;0.0;0.0;0.0;790.0;1395.0;24302.0;0.0;0.0;0.0;0.0;0.0;1.0;1.0;11.6;0.0
364;0.4652;419.4137;24302.0;0.2178;402.454;1665759.5271;3.3534;0.0;0.0;0.0;43.0908;0.0;445.8179;552.7722;0.0;0.0;860.3596;10.6559;9217.3184;1.6616;1.5006;0.0;0.0;58.76;1.716;1.12;2.4;2.25;0.0;0.0;0.0;0.0;0.0;0.0;0.0;0.0;0.0;790.0;1395.0;24302.0;0.0;0.0;0.0;0.0;0.0;1.0;1.0;11.6;0.0
365;0.4653;695.5888;24302.0;0.2384;679.577;1715034.3216;5.7621;0.0;0.0;0.0;43.8319;0.0;445.6462;569.1553;0.0;0.0;861.0783;10.8229;9896.6694;2.8319;1.6733;0.0;0.0;58.76;1.716;1.12;2.4;2.25;0.0;0.0;0.0;0.0;0.0;0.0;0.0;0.0;0.0;790.0;1395.0;24302.0;0.0;0.0;0.0;0.0;0.0;1.0;1.0;11.6;0.0
366;0.4097;687.6094;24302.0;0.2062;672.6677;1783976.8064;5.6195;0.0;0.0;0.0;43.9676;0.0;453.7093;592.0776;0.0;0.0;857.922;10.2781;11616.529;2.282;1.3413;0.0;0.0;58.76;1.716;1.12;2.4;2.25;0.0;0.0;0.0;0.0;0.0;0.0;0.0;0.0;0.0;790.0;1395.0;24302.0;0.0;0.0;0.0;0.0;0.0;1.0;1.0;11.6;0.0
367;0.5039;769.538;24302.0;0.2571;752.1789;1709649.4071;5.3057;0.0;0.0;0.0;44.312;0.0;541.5541;567.3649;0.0;0.0;874.7633;11.6059;8485.9698;1.8792;1.4102;0.0;0.0;58.76;1.716;1.12;2.4;2.25;0.0;0.0;0.0;0.0;0.0;0.0;0.0;0.0;0.0;790.0;1395.0;24302.0;0.0;0.0;0.0;0.0;0.0;1.0;1.0;11.6;0.0
368;0.4369;396.9206;24302.0;0.1935;379.9127;1698139.9946;3.2736;0.0;0.0;0.0;44.4485;0.0;444.6899;563.5382;0.0;0.0;872.4171;11.7378;8506.1616;2.6879;1.4705;0.0;0.0;58.76;1.716;1.12;2.4;2.25;0.0;0.0;0.0;0.0;0.0;0.0;0.0;0.0;0.0;790.0;1395.0;24302.0;0.0;0.0;0.0;0.0;0.0;1.0;1.0;11.6;0.0
369;0.4992;650.9219;24302.0;0.2315;631.8361;1732483.2611;4.8403;0.0;0.0;0.0;43.5074;0.0;489.5954;574.9568;0.0;0.0;863.2027;10.4184;8712.7971;2.9952;1.7124;0.0;0.0;58.76;1.716;1.12;2.4;2.25;0.0;0.0;0.0;0.0;0.0;0.0;0.0;0.0;0.0;790.0;1395.0;24302.0;0.0;0.0;0.0;0.0;0.0;1.0;1.0;11.6;0.0
370;0.4375;526.6059;24302.0;0.231;512.2438;1690427.1513;4.8011;0.0;0.0;0.0;43.5766;0.0;400.8033;560.9738;0.0;0.0;888.7036;10.9788;10720.6969;1.7212;1.5088;0.0;0.0;58.76;1.716;1.12;2.4;2.25;0.0;0.0;0.0;0.0;0.0;0.0;0.0;0.0;0.0;790.0;1395.0;24302.0;0.0;0.0;0.0;0.0;0.0;1.0;1.0;11.6;0.0
371;0.4116;706.8751;24302.0;0.2185;692.8681;1762549.0335;5.2269;0.0;0.0;0.0;44.3339;0.0;506.6223;584.9532;0.0;0.0;883.401;10.9544;11486.9582;2.22;1.5691;0.0;0.0;58.76;1.716;1.12;2.4;2.25;0.0;0.0;0.0;0.0;0.0;0.0;0.0;0.0;0.0;790.0;1395.0;24302.0;0.0;0.0;0.0;0.0;0.0;1.0;1.0;11.6;0.0
372;0.4198;567.7026;24302.0;0.2018;551.7923;1773818.134;4.0358;0.0;0.0;0.0;44.7912;0.0;527.9353;588.7;0.0;0.0;880.7959;10.8968;10231.3437;2.5679;1.6856;0.0;0.0;58.76;1.716;1.12;2.4;2.25;0.0;0.0;0.0;0.0;0.0;0.0;0.0;0.0;0.0;790.0;1395.0;24302.0;0.0;0.0;0.0;0.0;0.0;1.0;1.0;11.6;0.0
373;0.4725;763.4337;24302.0;0.2425;747.2345;1711260.9114;5.2852;0.0;0.0;0.0;42.1739;0.0;514.0215;567.9007;0.0;0.0;863.581;11.783;8965.3676;2.5031;1.6115;0.0;0.0;58.76;1.716;1.12;2.4;2.25;0.0;0.0;0.0;0.0;0.0;0.0;0.0;0.0;0.0;790.0;1395.0;24302.0;0.0;0.0;0.0;0.0;0.0;1.0;1.0;11.6;0.0
374;0.477;782.4503;24302.0;0.2347;764.5319;1797226.1502;5.6316;0.0;0.0;0.0;45.6902;0.0;534.723;596.4828;0.0;0.0;854.1751;10.6535;9414.7642;2.8998;1.6093;0.0;0.0;58.76;1.716;1.12;2.4;2.25;0.0;0.0;0.0;0.0;0.0;0.0;0.0;0.0;0.0;790.0;1395.0;24302.0;0.0;0.0;0.0;0.0;0.0;1.0;1.0;11.6;0.0
375;0.3489;557.0254;24302.0;0.1745;544.9714;1679427.5372;3.8235;0.0;0.0;0.0;43.6798;0.0;536.7045;557.3166;0.0;0.0;881.2854;11.8953;11712.5667;2.6838;1.5604;0.0;0.0;58.76;1.716;1.12;2.4;2.25;0.0;0.0;0.0;0.0;0.0;0.0;0.0;0.0;0.0;790.0;1395.0;24302.0;0.0;0.0;0.0;0.0;0.0;1.0;1.0;11.6;0.0
376;0.4678;677.0425;24302.0;0.2518;662.2958;1659414.5675;5.9663;0.0;0.0;0.0;43.3343;0.0;414.6873;550.6626;0.0;0.0;868.7643;11.8446;9500.3873;1.8961;1.3706;0.0;0.0;58.76;1.716;1.12;2.4;2.25;0.0;0.0;0.0;0.0;0.0;0.0;0.0;0.0;0.0;790.0;1395.0;24302.0;0.0;0.0;0.0;0.0;0.0;1.0;1.0;11.6;0.0
377;0.3712;485.6714;24302.0;0.1726;471.0477;1789777.981;3.3458;0.0;0.0;0.0;42.4014;0.0;514.6205;594.0064;0.0;0.0;887.0693;11.624;10528.9211;2.5849;1.4761;0.0;0.0;58.76;1.716;1.12;2.4;2.25;0.0;0.0;0.0;0.0;0.0;0.0;0.0;0.0;0.0;790.0;1395.0;24302.0;0.0;0.0;0.0;0.0;0.0;1.0;1.0;11.6;0.0
378;0.4463;659.1067;24302.0;0.2366;644.7163;1667488.6308;4.785;0.0;0.0;0.0;42.4541;0.0;493.1152;553.3471;0.0;0.0;854.5507;11.5984;9990.668;2.5505;1.898;0.0;0.0;58.76;1.716;1.12;2.4;2.25;0.0;0.0;0.0;0.0;0.0;0.0;0.0;0.0;0.0;790.0;1395.0;24302.0;0.0;0.0;0.0;0.0;0.0;1.0;1.0;11.6;0.0
379;0.4265;584.6411;24302.0;0.2431;572.0327;1670612.988;5.1229;0.0;0.0;0.0;45.8386;0.0;441.2435;554.3859;0.0;0.0;856.97;11.2012;11829.0328;1.6359;1.6426;0.0;0.0;58.76;1.716;1.12;2.4;2.25;0.0;0.0;0.0;0.0;0.0;0.0;0.0;0.0;0.0;790.0;1395.0;24302.0;0.0;0.0;0.0;0.0;0.0;1.0;1.0;11.6;0.0
380;0.4377;632.8316;24302.0;0.2266;617.5097;1763869.0955;5.4136;0.0;0.0;0.0;44.1888;0.0;434.5221;585.3921;0.0;0.0;891.2375;11.5526;9964.9802;2.8064;1.6223;0.0;0.0;58.76;1.716;1.12;2.4;2.25;0.0;0.0;0.0;0.0;0.0;0.0;0.0;0.0;0.0;790.0;1395.0;24302.0;0.0;0.0;0.0;0.0;0.0;1.0;1.0;11.6;0.0
381;0.5938;739.9892;24302.0;0.3029;720.0116;1669059.8324;5.7494;0.0;0.0;0.0;43.7068;0.0;471.8544;553.8695;0.0;0.0;897.5041;10.3904;8040.7723;1.5982;1.5324;0.0;0.0;58.76;1.716;1.12;2.4;2.25;0.0;0.0;0.0;0.0;0.0;0.0;0.0;0.0;0.0;790.0;1395.0;24302.0;0.0;0.0;0.0;0.0;0.0;1.0;1.0;11.6;0.0
382;0.4296;737.85;24302.0;0.2227;722.7249;1776373.7427;5.2052;0.0;0.0;0.0;45.686;0.0;546.8406;589.5497;0.0;0.0;877.4849;11.2864;10405.96;2.1536;1.4645;0.0;0.0;58.76;1.716;1.12;2.4;2.25;0.0;0.0;0.0;0.0;0.0;0.0;0.0;0.0;0.0;790.0;1395.0;24302.0;0.0;0.0;0.0;0.0;0.0;1.0;1.0;11.6;0.0
383;0.403;590.6307;24302.0;0.2145;577.0552;1750129.5031;5.275;0.0;0.0;0.0;45.6546;0.0;430.5479;580.8239;0.0;0.0;855.8003;11.2317;11478.0682;1.9255;1.3729;0.0;0.0;58.76;1.716;1.12;2.4;2.25;0.0;0.0;0.0;0.0;0.0;0.0;0.0;0.0;0.0;790.0;1395.0;24302.0;0.0;0.0;0.0;0.0;0.0;1.0;1.0;11.6;0.0
384;0.4507;559.6902;24302.0;0.242;544.6733;1748881.9257;4.3412;0.0;0.0;0.0;44.051;0.0;476.4574;580.4091;0.0;0.0;881.5386;11.8666;9814.1975;1.6282;1.5985;0.0;0.0;58.76;1.716;1.12;2.4;2.25;0.0;0.0;0.0;0.0;0.0;0.0;0.0;0.0;0.0;790.0;1395.0;24302.0;0.0;0.0;0.0;0.0;0.0;1.0;1.0;11.6;0.0
385;0.4911;425.232;24302.0;0.2112;405.4969;1713174.0839;3.1177;0.0;0.0;0.0;43.5607;0.0;488.4162;568.5368;0.0;0.0;864.356;10.3127;8417.63;2.4779;1.8159;0.0;0.0;58.76;1.716;1.12;2.4;2.25;0.0;0.0;0.0;0.0;0.0;0.0;0.0;0.0;0.0;790.0;1395.0;24302.0;0.0;0.0;0.0;0.0;0.0;1.0;1.0;11.6;0.0
386;0.4965;706.3461;24302.0;0.2572;689.1523;1746092.3211;5.6059;0.0;0.0;0.0;45.8665;0.0;486.0797;579.4816;0.0;0.0;859.0357;10.1277;10027.3092;1.7576;1.5203;0.0;0.0;58.76;1.716;1.12;2.4;2.25;0.0;0.0;0.0;0.0;0.0;0.0;0.0;0.0;0.0;790.0;1395.0;24302.0;0.0;0.0;0.0;0.0;0.0;1.0;1.0;11.6;0.0
387;0.4695;643.4432;24302.0;0.2504;627.5981;1757216.1516;5.7723;0.0;0.0;0.0;45.5172;0.0;426.6289;583.1801;0.0;0.0;879.9633;11.3506;9770.3979;1.7759;1.3746;0.0;0.0;58.76;1.716;1.12;2.4;2.25;0.0;0.0;0.0;0.0;0.0;0.0;0.0;0.0;0.0;790.0;1395.0;24302.0;0.0;0.0;0.0;0.0;0.0;1.0;1.0;11.6;0.0
388;0.5048;493.7856;24302.0;0.211;473.433;1683581.1156;4.2345;0.0;0.0;0.0;45.5011;0.0;438.5512;558.6976;0.0;0.0;852.5647;10.1098;8182.2498;2.8618;1.413;0.0;0.0;58.76;1.716;1.12;2.4;2.25;0.0;0.0;0.0;0.0;0.0;0.0;0.0;0.0;0.0;790.0;1395.0;24302.0;0.0;0.0;0.0;0.0;0.0;1.0;1.0;11.6;0.0
389;0.4203;417.0042;24302.0;0.1905;400.6234;1732020.3822;3.4614;0.0;0.0;0.0;44.3737;0.0;442.7435;574.8029;0.0;0.0;897.8464;10.1393;10428.2197;1.7895;1.3436;0.0;0.0;58.76;1.716;1.12;2.4;2.25;0.0;0.0;0.0;0.0;0.0;0.0;0.0;0.0;0.0;790.0;1395.0;24302.0;0.0;0.0;0.0;0.0;0.0;1.0;1.0;11.6;0.0
390;0.4351;378.6965;24302.0;0.2086;362.8551;1699580.6638;3.0401;0.0;0.0;0.0;42.5703;0.0;438.0202;564.0172;0.0;0.0;859.8878;11.0665;9694.7802;1.8997;1.816;0.0;0.0;58.76;1.716;1.12;2.4;2.25;0.0;0.0;0.0;0.0;0.0;0.0;0.0;0.0;0.0;790.0;1395.0;24302.0;0.0;0.0;0.0;0.0;0.0;1.0;1.0;11.6;0.0
391;0.5531;671.6751;24302.0;0.2994;652.8345;1804570.856;5.5328;0.0;0.0;0.0;44.4341;0.0;451.9772;598.9248;0.0;0.0;884.8671;11.4792;8343.8817;1.9614;1.8723;0.0;0.0;58.76;1.716;1.12;2.4;2.25;0.0;0.0;0.0;0.0;0.0;0.0;0.0;0.0;0.0;790.0;1395.0;24302.0;0.0;0.0;0.0;0.0;0.0;1.0;1.0;11.6;0.0
392;0.4653;617.1957;24302.0;0.2498;601.878;1727683.0357;5.4331;0.0;0.0;0.0;42.5272;0.0;406.1342;573.3608;0.0;0.0;883.9915;11.9443;9442.9931;2.3508;1.6871;0.0;0.0;58.76;1.716;1.12;2.4;2.25;0.0;0.0;0.0;0.0;0.0;0.0;0.0;0.0;0.0;790.0;1395.0;24302.0;0.0;0.0;0.0;0.0;0.0;1.0;1.0;11.6;0.0
393;0.4249;487.1764;24302.0;0.2051;471.344;1750330.114;3.7226;0.0;0.0;0.0;43.3411;0.0;473.0789;580.8906;0.0;0.0;885.2911;10.0816;10965.9309;2.252;1.882;0.0;0.0;58.76;1.716;1.12;2.4;2.25;0.0;0.0;0.0;0.0;0.0;0.0;0.0;0.0;0.0;790.0;1395.0;24302.0;0.0;0.0;0.0;0.0;0.0;1.0;1.0;11.6;0.0
394;0.4429;448.8515;24302.0;0.2004;432.2778;1660777.9398;3.3346;0.0;0.0;0.0;43.0724;0.0;481.3492;551.1159;0.0;0.0;892.0567;11.2178;8932.7235;2.7582;1.7588;0.0;0.0;58.76;1.716;1.12;2.4;2.25;0.0;0.0;0.0;0.0;0.0;0.0;0.0;0.0;0.0;790.0;1395.0;24302.0;0.0;0.0;0.0;0.0;0.0;1.0;1.0;11.6;0.0
395;0.549;847.5449;24302.0;0.2793;827.8281;1776709.6983;5.9573;0.0;0.0;0.0;45.0768;0.0;539.9901;589.6614;0.0;0.0;898.6529;10.5447;8545.6612;2.3513;1.7378;0.0;0.0;58.76;1.716;1.12;2.4;2.25;0.0;0.0;0.0;0.0;0.0;0.0;0.0;0.0;0.0;790.0;1395.0;24302.0;0.0;0.0;0.0;0.0;0.0;1.0;1.0;11.6;0.0
396;0.3911;489.8707;24302.0;0.2053;476.9103;1695142.2599;4.33;0.0;0.0;0.0;45.8721;0.0;435.5514;562.5415;0.0;0.0;856.6825;11.9841;10913.9319;2.5771;1.7431;0.0;0.0;58.76;1.716;1.12;2.4;2.25;0.0;0.0;0.0;0.0;0.0;0.0;0.0;0.0;0.0;790.0;1395.0;24302.0;0.0;0.0;0.0;0.0;0.0;1.0;1.0;11.6;0.0
397;0.5258;846.9225;24302.0;0.267;827.9943;1777659.5174;5.8382;0.0;0.0;0.0;44.1954;0.0;540.3404;589.9772;0.0;0.0;856.4983;10.4408;8995.0543;1.6176;1.3226;0.0;0.0;58.76;1.716;1.12;2.4;2.25;0.0;0.0;0.0;0.0;0.0;0.0;0.0;0.0;0.0;790.0;1395.0;24302.0;0.0;0.0;0.0;0.0;0.0;1.0;1.0;11.6;0.0
398;0.5008;518.1508;24302.0;0.2155;497.3944;1767754.0899;3.7674;0.0;0.0;0.0;43.6624;0.0;496.9455;586.6838;0.0;0.0;852.9691;10.2619;8299.2927;2.4085;1.5187;0.0;0.0;58.76;1.716;1.12;2.4;2.25;0.0;0.0;0.0;0.0;0.0;0.0;0.0;0.0;0.0;790.0;1395.0;24302.0;0.0;0.0;0.0;0.0;0.0;1.0;1.0;11.6;0.0
399;0.4118;579.9718;24302.0;0.2105;565.5387;1742459.0678;4.9766;0.0;0.0;0.0;45.302;0.0;443.8017;578.2736;0.0;0.0;853.928;11.1887;10790.0043;2.3361;1.4906;0.0;0.0;58.76;1.716;1.12;2.4;2.25;0.0;0.0;0.0;0.0;0.0;0.0;0.0;0.0;0.0;790.0;1395.0;24302.0;0.0;0.0;0.0;0.0;0.0;1.0;1.0;11.6;0.0
