;TCO (€/km);LCE (gGHG/km);TCO_Capex (€);TCO_Opex (€/km);Em_fc (gGHG/km);Em_vc (gGHG);FE;L (years);D (km);r (%);Em_elFC (gGHG/kWh);Em_elVC (gGHG/kWh);Em_elBatt (gGHG/kWh);C_fuel;cd_phev (%);fe_phev_cd (%);fe_phev_cs (%);c_phev_el;c_phev_synth;E_battPHEV;E_batt;P_batt;P_fc;C3;C5;C_batt;C_fc;X1;X2;X3;X4;X5;X6;X7;X8;X9;X10;X11;X12;X13;X14;C_main;m_curb;C_msrp;P_battSet;E_battSet;P_fcSet;C_fcSet;CF;w_h2;w_synth;s_ren;Number
200;0.5774;205.2984;80185.9592;0.1347;185.3944;3605591.878;1.2358;16.4325;11023.8143;7.0676;419.1124;506.3392;814.492;5.468;0.0;0.0;0.0;0.0;0.0;0.0;0.0;44.32;82.0394;93.0307;0.0;169.9532;105.1771;35.25;1124.0;1074.0;2.41;2.43;1.25;5.01;6.22;0.0;0.0;0.0;5.0;56.48;40.89;556.7739;1657.0;78600.0;20.0;0.0;40.0;80.0;25.0;33.3;1.0;4000.0;201
201;0.6367;274.8441;79446.067;0.1563;252.0186;3774648.2881;1.5761;15.7501;10499.5697;7.2745;450.3589;522.4449;810.3291;5.3;0.0;0.0;0.0;0.0;0.0;0.0;0.0;48.2221;81.1606;93.7895;0.0;168.3167;96.9116;35.25;1124.0;1074.0;2.41;2.43;1.25;5.01;6.22;0.0;0.0;0.0;5.0;56.48;40.89;566.8097;1657.0;78600.0;20.0;0.0;40.0;80.0;25.0;33.3;1.0;4000.0;202
202;0.6271;204.0335;79351.4089;0.1271;180.3551;3757717.5419;1.2784;15.264;10396.8653;7.824;400.845;539.5726;881.8935;4.5821;0.0;0.0;0.0;0.0;0.0;0.0;0.0;40.0129;90.3741;94.6148;0.0;164.199;86.6687;35.25;1124.0;1074.0;2.41;2.43;1.25;5.01;6.22;0.0;0.0;0.0;5.0;56.48;40.89;562.4676;1657.0;78600.0;20.0;0.0;40.0;80.0;25.0;33.3;1.0;4000.0;203
203;0.6594;222.6549;81598.0366;0.1291;196.1418;4079799.4963;1.1777;15.1748;10140.4167;7.7686;476.8556;517.9864;737.5343;5.0731;0.0;0.0;0.0;0.0;0.0;0.0;0.0;39.8544;102.4141;95.3445;0.0;176.8887;98.2291;35.25;1124.0;1074.0;2.41;2.43;1.25;5.01;6.22;0.0;0.0;0.0;5.0;56.48;40.89;554.1083;1657.0;78600.0;20.0;0.0;40.0;80.0;25.0;33.3;1.0;4000.0;204
204;0.5685;268.7177;78982.8873;0.1494;247.7226;3956238.5131;1.5759;16.5053;11416.71;7.4686;453.0682;571.9848;816.3396;5.2913;0.0;0.0;0.0;0.0;0.0;0.0;0.0;35.0829;83.0867;95.9778;0.0;190.3331;89.7832;35.25;1124.0;1074.0;2.41;2.43;1.25;5.01;6.22;0.0;0.0;0.0;5.0;56.48;40.89;552.4068;1657.0;78600.0;20.0;0.0;40.0;80.0;25.0;33.3;1.0;4000.0;205
205;0.6247;271.8439;83729.7865;0.127;246.6576;4236920.8653;1.4197;15.3716;10943.7446;7.9749;497.154;501.7176;813.0587;4.2958;0.0;0.0;0.0;0.0;0.0;0.0;0.0;44.1799;109.2415;95.2878;0.0;195.3345;111.0255;35.25;1124.0;1074.0;2.41;2.43;1.25;5.01;6.22;0.0;0.0;0.0;5.0;56.48;40.89;567.1833;1657.0;78600.0;20.0;0.0;40.0;80.0;25.0;33.3;1.0;4000.0;206
206;0.5928;217.3779;82760.4392;0.1126;193.8331;4057500.2709;1.3139;16.0589;10731.193;7.6509;415.2652;581.1239;758.9661;3.5478;0.0;0.0;0.0;0.0;0.0;0.0;0.0;47.0004;100.2822;93.7355;0.0;178.3168;111.3777;35.25;1124.0;1074.0;2.41;2.43;1.25;5.01;6.22;0.0;0.0;0.0;5.0;56.48;40.89;568.7709;1657.0;78600.0;20.0;0.0;40.0;80.0;25.0;33.3;1.0;4000.0;207
207;0.6157;249.5103;82459.8992;0.1095;224.2717;4111612.4709;1.2687;16.2427;10029.7211;7.3812;496.8261;540.1045;883.9054;3.2154;0.0;0.0;0.0;0.0;0.0;0.0;0.0;30.8371;92.7006;93.5908;0.0;165.6855;118.6565;35.25;1124.0;1074.0;2.41;2.43;1.25;5.01;6.22;0.0;0.0;0.0;5.0;56.48;40.89;557.9101;1657.0;78600.0;20.0;0.0;40.0;80.0;25.0;33.3;1.0;4000.0;208
208;0.6356;198.1751;83876.0493;0.1156;172.1169;4203116.2584;1.0144;15.9176;10133.2513;7.4593;475.1517;520.2765;876.6299;4.5131;0.0;0.0;0.0;0.0;0.0;0.0;0.0;47.8988;106.706;93.2529;0.0;162.8115;115.346;35.25;1124.0;1074.0;2.41;2.43;1.25;5.01;6.22;0.0;0.0;0.0;5.0;56.48;40.89;569.1451;1657.0;78600.0;20.0;0.0;40.0;80.0;25.0;33.3;1.0;4000.0;209
209;0.5844;203.6255;81608.0783;0.1008;178.8393;4182481.886;1.0158;16.5878;10172.6844;7.5475;496.1065;537.5217;816.0916;3.4393;0.0;0.0;0.0;0.0;0.0;0.0;0.0;36.6248;98.2418;93.8349;0.0;171.6967;102.8131;35.25;1124.0;1074.0;2.41;2.43;1.25;5.01;6.22;0.0;0.0;0.0;5.0;56.48;40.89;551.3332;1657.0;78600.0;20.0;0.0;40.0;80.0;25.0;33.3;1.0;4000.0;210
210;0.5844;266.2614;81417.6212;0.1669;244.2075;4300942.7596;1.4887;16.675;11695.3428;7.1475;463.8251;593.6657;750.7402;6.6248;0.0;0.0;0.0;0.0;0.0;0.0;0.0;42.7183;101.3998;94.1557;0.0;186.0331;97.0785;35.25;1124.0;1074.0;2.41;2.43;1.25;5.01;6.22;0.0;0.0;0.0;5.0;56.48;40.89;559.2146;1657.0;78600.0;20.0;0.0;40.0;80.0;25.0;33.3;1.0;4000.0;211
211;0.5874;231.115;83662.1536;0.1422;210.9667;3786288.0446;1.4731;16.9627;11078.4667;7.0363;403.752;519.485;739.8655;5.078;0.0;0.0;0.0;0.0;0.0;0.0;0.0;32.2216;105.3115;93.8809;0.0;175.2864;115.6591;35.25;1124.0;1074.0;2.41;2.43;1.25;5.01;6.22;0.0;0.0;0.0;5.0;56.48;40.89;551.5462;1657.0;78600.0;20.0;0.0;40.0;80.0;25.0;33.3;1.0;4000.0;212
212;0.6436;237.089;82347.7091;0.1482;211.9354;4181223.8656;1.2728;16.2514;10228.4956;7.8121;467.8343;529.8541;887.912;6.0307;0.0;0.0;0.0;0.0;0.0;0.0;0.0;44.1704;105.6894;93.5606;0.0;189.6911;101.7752;35.25;1124.0;1074.0;2.41;2.43;1.25;5.01;6.22;0.0;0.0;0.0;5.0;56.48;40.89;558.5869;1657.0;78600.0;20.0;0.0;40.0;80.0;25.0;33.3;1.0;4000.0;213
213;0.5028;224.4059;79468.4344;0.1055;202.8091;4319761.7918;1.2061;16.87;11856.4641;7.7322;484.384;595.797;744.772;3.8062;0.0;0.0;0.0;0.0;0.0;0.0;0.0;45.2656;95.071;95.9246;0.0;167.7356;83.1876;35.25;1124.0;1074.0;2.41;2.43;1.25;5.01;6.22;0.0;0.0;0.0;5.0;56.48;40.89;564.3192;1657.0;78600.0;20.0;0.0;40.0;80.0;25.0;33.3;1.0;4000.0;214
214;0.5825;297.9005;82045.2042;0.1281;273.8428;4343925.8837;1.5906;16.8966;10686.3257;7.6325;494.7826;579.3758;744.1204;3.8043;0.0;0.0;0.0;0.0;0.0;0.0;0.0;47.4804;97.9939;95.7014;0.0;182.1258;106.571;35.25;1124.0;1074.0;2.41;2.43;1.25;5.01;6.22;0.0;0.0;0.0;5.0;56.48;40.89;563.8412;1657.0;78600.0;20.0;0.0;40.0;80.0;25.0;33.3;1.0;4000.0;215
215;0.549;203.6465;83212.5977;0.1193;181.5048;4287811.3239;1.1531;16.7186;11583.0875;7.7478;450.2212;577.376;868.0574;4.9851;0.0;0.0;0.0;0.0;0.0;0.0;0.0;36.8287;109.538;95.2465;0.0;185.8533;106.6553;35.25;1124.0;1074.0;2.41;2.43;1.25;5.01;6.22;0.0;0.0;0.0;5.0;56.48;40.89;557.7765;1657.0;78600.0;20.0;0.0;40.0;80.0;25.0;33.3;1.0;4000.0;216
216;0.6307;227.005;83341.9005;0.1437;204.9995;3766097.2326;1.4216;16.9681;10086.1861;7.7895;407.8382;506.4082;811.9813;4.9975;0.0;0.0;0.0;0.0;0.0;0.0;0.0;39.7044;102.3809;94.1796;0.0;165.1638;115.4863;35.25;1124.0;1074.0;2.41;2.43;1.25;5.01;6.22;0.0;0.0;0.0;5.0;56.48;40.89;568.532;1657.0;78600.0;20.0;0.0;40.0;80.0;25.0;33.3;1.0;4000.0;217
217;0.5845;250.8746;79630.5273;0.1458;229.6701;3848849.3937;1.3304;16.2164;11193.0501;7.0187;489.0764;521.5928;824.593;5.8667;0.0;0.0;0.0;0.0;0.0;0.0;0.0;30.1662;81.8011;94.3406;0.0;199.648;99.4317;35.25;1124.0;1074.0;2.41;2.43;1.25;5.01;6.22;0.0;0.0;0.0;5.0;56.48;40.89;555.9348;1657.0;78600.0;20.0;0.0;40.0;80.0;25.0;33.3;1.0;4000.0;218
218;0.5898;252.6515;80977.6203;0.1439;231.6667;3811126.3076;1.4893;15.536;11689.8573;7.7969;448.1517;545.4441;865.4891;5.3353;0.0;0.0;0.0;0.0;0.0;0.0;0.0;32.0108;81.0255;95.9374;0.0;178.913;117.1549;35.25;1124.0;1074.0;2.41;2.43;1.25;5.01;6.22;0.0;0.0;0.0;5.0;56.48;40.89;562.6155;1657.0;78600.0;20.0;0.0;40.0;80.0;25.0;33.3;1.0;4000.0;219
219;0.6234;201.2219;80849.9639;0.1175;177.6184;3772100.8431;1.1477;15.5312;10289.6848;7.0466;445.2785;527.0715;825.9034;4.1737;0.0;0.0;0.0;0.0;0.0;0.0;0.0;37.6924;83.6028;95.8112;0.0;195.4632;111.2315;35.25;1124.0;1074.0;2.41;2.43;1.25;5.01;6.22;0.0;0.0;0.0;5.0;56.48;40.89;566.3569;1657.0;78600.0;20.0;0.0;40.0;80.0;25.0;33.3;1.0;4000.0;220
220;0.6543;248.0932;83009.9251;0.1283;220.3963;4370564.7721;1.3335;15.4362;10222.7342;7.6659;470.3836;598.6555;737.3945;4.4453;0.0;0.0;0.0;0.0;0.0;0.0;0.0;30.408;106.5518;94.7731;0.0;171.8607;108.35;35.25;1124.0;1074.0;2.41;2.43;1.25;5.01;6.22;0.0;0.0;0.0;5.0;56.48;40.89;554.5534;1657.0;78600.0;20.0;0.0;40.0;80.0;25.0;33.3;1.0;4000.0;221
221;0.6164;261.2504;79692.3176;0.1599;238.4343;3983430.5833;1.5124;15.9608;10938.5951;7.6612;442.9299;530.778;853.8321;5.9279;0.0;0.0;0.0;0.0;0.0;0.0;0.0;34.7461;101.4825;93.5572;0.0;160.2846;80.9356;35.25;1124.0;1074.0;2.41;2.43;1.25;5.01;6.22;0.0;0.0;0.0;5.0;56.48;40.89;567.4527;1657.0;78600.0;20.0;0.0;40.0;80.0;25.0;33.3;1.0;4000.0;222
222;0.5939;187.6929;81925.6679;0.1183;164.5877;3979805.4134;1.0581;16.0163;10754.4793;7.9385;440.5785;568.379;723.1274;4.961;0.0;0.0;0.0;0.0;0.0;0.0;0.0;37.773;91.419;94.3185;0.0;170.0635;113.901;35.25;1124.0;1074.0;2.41;2.43;1.25;5.01;6.22;0.0;0.0;0.0;5.0;56.48;40.89;566.0068;1657.0;78600.0;20.0;0.0;40.0;80.0;25.0;33.3;1.0;4000.0;223
223;0.6497;230.0089;79083.6161;0.1685;207.0553;3772303.286;1.3925;15.1513;10846.9197;7.526;426.2124;527.6113;840.7602;6.9142;0.0;0.0;0.0;0.0;0.0;0.0;0.0;35.7986;89.6301;95.4507;0.0;191.8828;84.2669;35.25;1124.0;1074.0;2.41;2.43;1.25;5.01;6.22;0.0;0.0;0.0;5.0;56.48;40.89;569.9701;1657.0;78600.0;20.0;0.0;40.0;80.0;25.0;33.3;1.0;4000.0;224
224;0.5552;213.6827;80020.4521;0.1061;190.7133;4092709.4735;1.1747;16.4364;10840.6456;7.9521;462.5439;586.1208;845.6094;3.5765;0.0;0.0;0.0;0.0;0.0;0.0;0.0;31.8572;87.6495;94.8731;0.0;196.4115;97.1388;35.25;1124.0;1074.0;2.41;2.43;1.25;5.01;6.22;0.0;0.0;0.0;5.0;56.48;40.89;567.0774;1657.0;78600.0;20.0;0.0;40.0;80.0;25.0;33.3;1.0;4000.0;225
225;0.5586;183.327;78437.8225;0.1015;160.5266;3912793.3424;1.0715;15.9065;10788.7116;7.9115;420.5833;578.5705;783.6179;3.593;0.0;0.0;0.0;0.0;0.0;0.0;0.0;45.6052;84.6111;93.4849;0.0;199.2996;80.5835;35.25;1124.0;1074.0;2.41;2.43;1.25;5.01;6.22;0.0;0.0;0.0;5.0;56.48;40.89;558.0594;1657.0;78600.0;20.0;0.0;40.0;80.0;25.0;33.3;1.0;4000.0;226
226;0.6046;190.6892;81834.4978;0.1102;165.787;4122262.8031;1.1027;16.0704;10300.779;7.4091;425.2234;585.3836;807.5021;3.9108;0.0;0.0;0.0;0.0;0.0;0.0;0.0;34.3612;103.6942;94.1821;0.0;189.4399;99.5053;35.25;1124.0;1074.0;2.41;2.43;1.25;5.01;6.22;0.0;0.0;0.0;5.0;56.48;40.89;555.9024;1657.0;78600.0;20.0;0.0;40.0;80.0;25.0;33.3;1.0;4000.0;227
227;0.543;219.7298;80434.8788;0.1395;198.7717;4177512.1376;1.1338;16.844;11833.6508;7.5063;492.6076;589.2013;801.048;6.7249;0.0;0.0;0.0;0.0;0.0;0.0;0.0;46.7675;81.9987;93.568;0.0;184.9681;107.7195;35.25;1124.0;1074.0;2.41;2.43;1.25;5.01;6.22;0.0;0.0;0.0;5.0;56.48;40.89;554.2374;1657.0;78600.0;20.0;0.0;40.0;80.0;25.0;33.3;1.0;4000.0;228
228;0.5509;202.5029;82468.6031;0.1152;182.3201;3820435.439;1.2143;16.4254;11524.28;7.545;428.332;524.2212;896.2935;4.4335;0.0;0.0;0.0;0.0;0.0;0.0;0.0;31.371;94.8654;94.9984;0.0;184.0748;115.76;35.25;1124.0;1074.0;2.41;2.43;1.25;5.01;6.22;0.0;0.0;0.0;5.0;56.48;40.89;552.0465;1657.0;78600.0;20.0;0.0;40.0;80.0;25.0;33.3;1.0;4000.0;229
229;0.6203;225.8771;81203.1036;0.1473;204.376;3691424.0179;1.3601;15.6845;10946.1614;7.9797;433.0216;506.8124;709.4733;5.8452;0.0;0.0;0.0;0.0;0.0;0.0;0.0;36.0271;89.8141;95.961;0.0;160.8668;108.171;35.25;1124.0;1074.0;2.41;2.43;1.25;5.01;6.22;0.0;0.0;0.0;5.0;56.48;40.89;563.0965;1657.0;78600.0;20.0;0.0;40.0;80.0;25.0;33.3;1.0;4000.0;230
230;0.6462;166.1173;81513.0768;0.1057;140.6858;3835417.1107;1.0062;15.0121;10046.1683;7.6857;401.8943;558.1999;898.7112;3.7942;0.0;0.0;0.0;0.0;0.0;0.0;0.0;45.8032;87.9379;95.7172;0.0;198.6673;112.5009;35.25;1124.0;1074.0;2.41;2.43;1.25;5.01;6.22;0.0;0.0;0.0;5.0;56.48;40.89;556.4061;1657.0;78600.0;20.0;0.0;40.0;80.0;25.0;33.3;1.0;4000.0;231
231;0.6441;246.3767;79910.2826;0.1376;220.689;4052537.5931;1.2732;15.21;10372.2483;7.3705;493.4354;520.5241;748.3751;5.2993;0.0;0.0;0.0;0.0;0.0;0.0;0.0;38.7088;94.8498;94.7961;0.0;166.2355;88.5283;35.25;1124.0;1074.0;2.41;2.43;1.25;5.01;6.22;0.0;0.0;0.0;5.0;56.48;40.89;557.1386;1657.0;78600.0;20.0;0.0;40.0;80.0;25.0;33.3;1.0;4000.0;232
232;0.6191;228.7189;80579.2336;0.1319;203.3131;4201873.1571;1.3225;15.2726;10829.2567;7.0563;440.0004;569.9311;861.2614;4.851;0.0;0.0;0.0;0.0;0.0;0.0;0.0;40.1165;107.3838;95.3076;0.0;181.6544;84.1071;35.25;1124.0;1074.0;2.41;2.43;1.25;5.01;6.22;0.0;0.0;0.0;5.0;56.48;40.89;557.0697;1657.0;78600.0;20.0;0.0;40.0;80.0;25.0;33.3;1.0;4000.0;233
233;0.6046;183.7369;83379.6804;0.1407;159.8963;4285050.5981;1.0203;16.8871;10643.4876;7.3827;444.1266;598.5019;796.075;6.9968;0.0;0.0;0.0;0.0;0.0;0.0;0.0;33.6228;107.3076;94.3714;0.0;196.6316;110.5162;35.25;1124.0;1074.0;2.41;2.43;1.25;5.01;6.22;0.0;0.0;0.0;5.0;56.48;40.89;558.433;1657.0;78600.0;20.0;0.0;40.0;80.0;25.0;33.3;1.0;4000.0;234
234;0.6433;206.1206;80985.759;0.1354;180.9629;4011194.8789;1.1484;15.4079;10348.0591;7.2187;441.9076;573.5555;785.6913;5.6026;0.0;0.0;0.0;0.0;0.0;0.0;0.0;39.9924;90.0841;93.3855;0.0;186.5718;104.6944;35.25;1124.0;1074.0;2.41;2.43;1.25;5.01;6.22;0.0;0.0;0.0;5.0;56.48;40.89;564.6874;1657.0;78600.0;20.0;0.0;40.0;80.0;25.0;33.3;1.0;4000.0;235
235;0.6245;239.7276;83418.8519;0.1599;217.2322;4039118.3118;1.406;16.9065;10620.3746;7.1084;436.879;540.2169;819.8132;6.1879;0.0;0.0;0.0;0.0;0.0;0.0;0.0;43.3142;103.5804;94.16;0.0;194.4282;114.1721;35.25;1124.0;1074.0;2.41;2.43;1.25;5.01;6.22;0.0;0.0;0.0;5.0;56.48;40.89;564.9022;1657.0;78600.0;20.0;0.0;40.0;80.0;25.0;33.3;1.0;4000.0;236
236;0.6398;200.0217;80065.1255;0.1303;174.8547;3955246.7841;1.1457;15.109;10401.739;7.1921;437.2401;530.9419;863.359;5.2442;0.0;0.0;0.0;0.0;0.0;0.0;0.0;40.1822;99.0705;95.4021;0.0;195.9571;85.7386;35.25;1124.0;1074.0;2.41;2.43;1.25;5.01;6.22;0.0;0.0;0.0;5.0;56.48;40.89;565.2026;1657.0;78600.0;20.0;0.0;40.0;80.0;25.0;33.3;1.0;4000.0;237
237;0.6337;200.4777;80088.6552;0.1269;175.6932;3916522.6528;1.1991;15.3246;10311.7131;7.7639;411.5869;538.3584;865.1741;4.8916;0.0;0.0;0.0;0.0;0.0;0.0;0.0;37.5286;103.6508;93.5419;0.0;170.514;82.746;35.25;1124.0;1074.0;2.41;2.43;1.25;5.01;6.22;0.0;0.0;0.0;5.0;56.48;40.89;553.7033;1657.0;78600.0;20.0;0.0;40.0;80.0;25.0;33.3;1.0;4000.0;238
238;0.6087;207.7015;78593.6294;0.1149;182.2719;4047805.0849;1.0614;15.8667;10032.1075;7.9696;490.0002;551.9018;869.2389;4.4378;0.0;0.0;0.0;0.0;0.0;0.0;0.0;31.1729;86.6338;95.0167;0.0;184.2134;82.0457;35.25;1124.0;1074.0;2.41;2.43;1.25;5.01;6.22;0.0;0.0;0.0;5.0;56.48;40.89;551.8076;1657.0;78600.0;20.0;0.0;40.0;80.0;25.0;33.3;1.0;4000.0;239
239;0.6445;256.8608;81574.9382;0.1305;230.051;4254813.0009;1.3192;15.6218;10159.1218;7.9092;499.794;562.6341;846.1337;4.6012;0.0;0.0;0.0;0.0;0.0;0.0;0.0;40.6301;94.0839;95.4381;0.0;187.1279;106.4456;35.25;1124.0;1074.0;2.41;2.43;1.25;5.01;6.22;0.0;0.0;0.0;5.0;56.48;40.89;559.8966;1657.0;78600.0;20.0;0.0;40.0;80.0;25.0;33.3;1.0;4000.0;240
240;0.5752;222.9956;82932.9062;0.121;200.631;4083469.1049;1.4171;15.5195;11764.9531;7.8609;402.1605;573.4703;896.9581;4.2474;0.0;0.0;0.0;0.0;0.0;0.0;0.0;44.9406;108.1842;94.5902;0.0;183.7718;104.8818;35.25;1124.0;1074.0;2.41;2.43;1.25;5.01;6.22;0.0;0.0;0.0;5.0;56.48;40.89;553.9763;1657.0;78600.0;20.0;0.0;40.0;80.0;25.0;33.3;1.0;4000.0;241
241;0.578;192.5535;81496.4599;0.1273;169.0494;4249706.8203;1.0327;15.4844;11676.7402;7.4986;468.9635;579.6613;887.3715;6.2546;0.0;0.0;0.0;0.0;0.0;0.0;0.0;34.5416;99.1879;95.399;0.0;174.0902;100.818;35.25;1124.0;1074.0;2.41;2.43;1.25;5.01;6.22;0.0;0.0;0.0;5.0;56.48;40.89;556.5129;1657.0;78600.0;20.0;0.0;40.0;80.0;25.0;33.3;1.0;4000.0;242
242;0.5661;256.6408;80064.8884;0.138;235.3212;3987508.5017;1.4709;15.6144;11978.3561;7.2073;448.8252;564.5602;783.9911;5.0363;0.0;0.0;0.0;0.0;0.0;0.0;0.0;44.2244;87.6606;93.4208;0.0;171.2785;97.0322;35.25;1124.0;1074.0;2.41;2.43;1.25;5.01;6.22;0.0;0.0;0.0;5.0;56.48;40.89;564.153;1657.0;78600.0;20.0;0.0;40.0;80.0;25.0;33.3;1.0;4000.0;243
243;0.5914;179.092;80925.2351;0.116;156.6666;3817263.0498;1.1107;15.3691;11075.4681;7.2438;402.1247;569.672;863.068;4.6109;0.0;0.0;0.0;0.0;0.0;0.0;0.0;49.6565;80.9828;94.9348;0.0;172.913;115.1576;35.25;1124.0;1074.0;2.41;2.43;1.25;5.01;6.22;0.0;0.0;0.0;5.0;56.48;40.89;560.9794;1657.0;78600.0;20.0;0.0;40.0;80.0;25.0;33.3;1.0;4000.0;244
244;0.5996;256.8242;78874.721;0.1399;232.8153;4119341.0406;1.3487;15.4225;11125.0129;7.9983;485.4789;584.1913;873.8412;5.4812;0.0;0.0;0.0;0.0;0.0;0.0;0.0;34.3762;82.7304;93.6523;0.0;180.752;89.0867;35.25;1124.0;1074.0;2.41;2.43;1.25;5.01;6.22;0.0;0.0;0.0;5.0;56.48;40.89;561.3655;1657.0;78600.0;20.0;0.0;40.0;80.0;25.0;33.3;1.0;4000.0;245
245;0.6172;283.1924;81029.1507;0.134;257.7394;4268064.4674;1.455;16.2336;10329.4364;7.1648;498.6834;561.4115;743.2359;4.3546;0.0;0.0;0.0;0.0;0.0;0.0;0.0;36.4824;98.5072;93.7457;0.0;180.3384;96.541;35.25;1124.0;1074.0;2.41;2.43;1.25;5.01;6.22;0.0;0.0;0.0;5.0;56.48;40.89;560.4153;1657.0;78600.0;20.0;0.0;40.0;80.0;25.0;33.3;1.0;4000.0;246
246;0.5772;252.8797;78463.9786;0.1503;232.1648;3807549.0432;1.412;15.9287;11539.3313;7.647;466.231;506.0623;802.6882;5.964;0.0;0.0;0.0;0.0;0.0;0.0;0.0;46.3205;85.2266;94.4243;0.0;196.941;80.2928;35.25;1124.0;1074.0;2.41;2.43;1.25;5.01;6.22;0.0;0.0;0.0;5.0;56.48;40.89;562.2055;1657.0;78600.0;20.0;0.0;40.0;80.0;25.0;33.3;1.0;4000.0;247
247;0.6792;257.4619;83649.4555;0.1764;232.2627;4192328.8085;1.5109;15.3835;10814.6789;7.8711;435.7514;591.7968;755.3539;6.9429;0.0;0.0;0.0;0.0;0.0;0.0;0.0;37.7269;104.0119;94.3929;0.0;160.6353;116.8236;35.25;1124.0;1074.0;2.41;2.43;1.25;5.01;6.22;0.0;0.0;0.0;5.0;56.48;40.89;558.6373;1657.0;78600.0;20.0;0.0;40.0;80.0;25.0;33.3;1.0;4000.0;248
248;0.6457;262.5082;82519.3318;0.1415;236.7431;4216723.6178;1.4978;15.6704;10443.9012;7.4697;454.2342;596.4873;804.0344;4.8159;0.0;0.0;0.0;0.0;0.0;0.0;0.0;49.0532;93.5606;95.6975;0.0;175.2414;116.7103;35.25;1124.0;1074.0;2.41;2.43;1.25;5.01;6.22;0.0;0.0;0.0;5.0;56.48;40.89;551.2684;1657.0;78600.0;20.0;0.0;40.0;80.0;25.0;33.3;1.0;4000.0;249
249;0.651;227.7562;78202.2122;0.1662;205.3488;3614601.0228;1.4149;15.571;10359.816;7.537;409.7369;521.7063;862.5927;6.5854;0.0;0.0;0.0;0.0;0.0;0.0;0.0;38.1244;81.175;94.0119;0.0;192.0248;81.9634;35.25;1124.0;1074.0;2.41;2.43;1.25;5.01;6.22;0.0;0.0;0.0;5.0;56.48;40.89;555.9739;1657.0;78600.0;20.0;0.0;40.0;80.0;25.0;33.3;1.0;4000.0;250
250;0.5176;230.7623;79270.4272;0.1117;211.0152;3856065.6816;1.4482;16.9764;11502.6287;7.486;416.2821;574.3651;710.9752;3.4827;0.0;0.0;0.0;0.0;0.0;0.0;0.0;44.2997;84.4566;95.1364;0.0;196.0784;90.7801;35.25;1124.0;1074.0;2.41;2.43;1.25;5.01;6.22;0.0;0.0;0.0;5.0;56.48;40.89;552.7473;1657.0;78600.0;20.0;0.0;40.0;80.0;25.0;33.3;1.0;4000.0;251
251;0.5438;265.7762;78749.4427;0.1249;243.9368;4105943.7248;1.4245;15.7016;11973.6787;7.7071;485.8346;571.8729;878.5913;4.4756;0.0;0.0;0.0;0.0;0.0;0.0;0.0;38.5305;84.0416;94.4752;0.0;168.2225;86.0785;35.25;1124.0;1074.0;2.41;2.43;1.25;5.01;6.22;0.0;0.0;0.0;5.0;56.48;40.89;559.3167;1657.0;78600.0;20.0;0.0;40.0;80.0;25.0;33.3;1.0;4000.0;252
252;0.6357;219.2974;81636.2107;0.1345;193.0842;4269342.2982;1.1019;15.2067;10710.3882;7.3609;496.4694;544.7236;714.8584;6.008;0.0;0.0;0.0;0.0;0.0;0.0;0.0;41.1716;103.2716;94.3479;0.0;171.425;97.78;35.25;1124.0;1074.0;2.41;2.43;1.25;5.01;6.22;0.0;0.0;0.0;5.0;56.48;40.89;559.0113;1657.0;78600.0;20.0;0.0;40.0;80.0;25.0;33.3;1.0;4000.0;253
253;0.6011;202.2286;82624.8704;0.1378;179.7305;4012125.3303;1.2409;16.8022;10613.5902;7.4411;408.4112;587.5917;837.6769;5.4975;0.0;0.0;0.0;0.0;0.0;0.0;0.0;37.7143;96.942;93.8981;0.0;165.9003;114.6933;35.25;1124.0;1074.0;2.41;2.43;1.25;5.01;6.22;0.0;0.0;0.0;5.0;56.48;40.89;565.8105;1657.0;78600.0;20.0;0.0;40.0;80.0;25.0;33.3;1.0;4000.0;254
254;0.6826;234.0312;81870.5288;0.1539;206.086;4327137.8939;1.2424;15.4642;10013.0211;7.163;469.3112;590.903;790.0953;6.3977;0.0;0.0;0.0;0.0;0.0;0.0;0.0;36.1303;103.3615;94.2146;0.0;185.7913;100.0955;35.25;1124.0;1074.0;2.41;2.43;1.25;5.01;6.22;0.0;0.0;0.0;5.0;56.48;40.89;556.9076;1657.0;78600.0;20.0;0.0;40.0;80.0;25.0;33.3;1.0;4000.0;255
255;0.6903;268.0582;82799.5077;0.1866;243.9455;3963504.3007;1.5848;15.5564;10566.3423;7.2293;440.258;515.252;797.8092;6.9944;0.0;0.0;0.0;0.0;0.0;0.0;0.0;45.3761;103.5368;95.243;0.0;167.7503;108.5511;35.25;1124.0;1074.0;2.41;2.43;1.25;5.01;6.22;0.0;0.0;0.0;5.0;56.48;40.89;561.8289;1657.0;78600.0;20.0;0.0;40.0;80.0;25.0;33.3;1.0;4000.0;256
256;0.6197;270.161;79629.7448;0.1666;247.3555;4008117.8249;1.5878;15.2297;11540.0855;7.4235;437.6367;554.6158;781.6233;6.2298;0.0;0.0;0.0;0.0;0.0;0.0;0.0;48.7737;95.2355;93.5475;0.0;182.0514;84.1973;35.25;1124.0;1074.0;2.41;2.43;1.25;5.01;6.22;0.0;0.0;0.0;5.0;56.48;40.89;554.069;1657.0;78600.0;20.0;0.0;40.0;80.0;25.0;33.3;1.0;4000.0;257
257;0.59;169.4261;83796.1103;0.0979;146.8301;3847304.2116;1.0299;16.0652;10598.3996;7.9004;410.8218;518.8051;730.7115;3.2608;0.0;0.0;0.0;0.0;0.0;0.0;0.0;44.1183;105.2672;95.9572;0.0;192.3117;115.9025;35.25;1124.0;1074.0;2.41;2.43;1.25;5.01;6.22;0.0;0.0;0.0;5.0;56.48;40.89;564.7958;1657.0;78600.0;20.0;0.0;40.0;80.0;25.0;33.3;1.0;4000.0;258
258;0.6349;189.1616;80846.6015;0.1232;163.426;4065891.5624;1.0366;15.5101;10186.0751;7.5081;446.4637;557.6716;801.8217;5.2367;0.0;0.0;0.0;0.0;0.0;0.0;0.0;41.1051;97.9434;94.3019;0.0;177.1361;94.9462;35.25;1124.0;1074.0;2.41;2.43;1.25;5.01;6.22;0.0;0.0;0.0;5.0;56.48;40.89;554.0362;1657.0;78600.0;20.0;0.0;40.0;80.0;25.0;33.3;1.0;4000.0;259
259;0.56;210.675;82242.6088;0.1378;191.0991;3812882.7829;1.3408;16.5741;11751.7381;7.9503;406.9606;530.2328;764.7703;5.556;0.0;0.0;0.0;0.0;0.0;0.0;0.0;42.2919;99.1596;95.0828;0.0;191.0025;107.5387;35.25;1124.0;1074.0;2.41;2.43;1.25;5.01;6.22;0.0;0.0;0.0;5.0;56.48;40.89;563.342;1657.0;78600.0;20.0;0.0;40.0;80.0;25.0;33.3;1.0;4000.0;260
260;0.6042;236.488;79392.4989;0.1562;214.0635;3974057.3028;1.3818;15.7589;11245.6689;7.3391;434.366;593.7741;787.7275;6.3487;0.0;0.0;0.0;0.0;0.0;0.0;0.0;37.9617;82.4948;93.369;0.0;186.4115;95.1992;35.25;1124.0;1074.0;2.41;2.43;1.25;5.01;6.22;0.0;0.0;0.0;5.0;56.48;40.89;559.742;1657.0;78600.0;20.0;0.0;40.0;80.0;25.0;33.3;1.0;4000.0;261
261;0.6032;245.6184;82676.9741;0.1459;224.6366;3793277.3733;1.4745;15.7487;11479.6172;7.724;425.5281;520.7968;893.1306;5.4732;0.0;0.0;0.0;0.0;0.0;0.0;0.0;33.9741;93.6858;93.0115;0.0;175.9055;119.3556;35.25;1124.0;1074.0;2.41;2.43;1.25;5.01;6.22;0.0;0.0;0.0;5.0;56.48;40.89;556.4694;1657.0;78600.0;20.0;0.0;40.0;80.0;25.0;33.3;1.0;4000.0;262
262;0.5874;227.3488;80417.3688;0.117;205.9016;3666722.5921;1.38;16.3219;10474.5945;7.5164;422.0862;504.7652;871.4829;3.6804;0.0;0.0;0.0;0.0;0.0;0.0;0.0;44.6795;85.6344;94.203;0.0;169.3322;103.4484;35.25;1124.0;1074.0;2.41;2.43;1.25;5.01;6.22;0.0;0.0;0.0;5.0;56.48;40.89;550.3395;1657.0;78600.0;20.0;0.0;40.0;80.0;25.0;33.3;1.0;4000.0;263
263;0.558;211.6879;79242.322;0.1321;190.1892;3999762.3868;1.2349;15.5821;11939.7654;7.8815;442.3649;578.0253;895.2609;5.6609;0.0;0.0;0.0;0.0;0.0;0.0;0.0;44.4884;83.3779;95.6469;0.0;163.1699;92.3021;35.25;1124.0;1074.0;2.41;2.43;1.25;5.01;6.22;0.0;0.0;0.0;5.0;56.48;40.89;564.7215;1657.0;78600.0;20.0;0.0;40.0;80.0;25.0;33.3;1.0;4000.0;264
264;0.5834;200.8375;79778.7615;0.1369;176.9235;4272973.5793;1.0408;15.6491;11417.9631;7.0305;478.356;573.014;838.3443;6.8159;0.0;0.0;0.0;0.0;0.0;0.0;0.0;37.363;100.0205;93.7081;0.0;169.9253;82.6711;35.25;1124.0;1074.0;2.41;2.43;1.25;5.01;6.22;0.0;0.0;0.0;5.0;56.48;40.89;558.8872;1657.0;78600.0;20.0;0.0;40.0;80.0;25.0;33.3;1.0;4000.0;265
265;0.5121;241.4855;79902.4941;0.1138;222.1456;3879500.5362;1.4645;16.9135;11860.1108;7.8865;424.4038;582.8424;755.2279;3.6527;0.0;0.0;0.0;0.0;0.0;0.0;0.0;40.5969;80.7119;93.1698;0.0;175.0435;103.6061;35.25;1124.0;1074.0;2.41;2.43;1.25;5.01;6.22;0.0;0.0;0.0;5.0;56.48;40.89;562.9378;1657.0;78600.0;20.0;0.0;40.0;80.0;25.0;33.3;1.0;4000.0;266
266;0.5942;241.012;80460.7259;0.144;220.6334;3641957.7801;1.4783;15.105;11831.5179;7.8165;423.0474;512.117;884.8173;5.4331;0.0;0.0;0.0;0.0;0.0;0.0;0.0;32.4847;84.5654;94.3897;0.0;199.5267;105.7816;35.25;1124.0;1074.0;2.41;2.43;1.25;5.01;6.22;0.0;0.0;0.0;5.0;56.48;40.89;561.038;1657.0;78600.0;20.0;0.0;40.0;80.0;25.0;33.3;1.0;4000.0;267
267;0.6001;196.9715;82091.1337;0.109;173.007;4005585.5692;1.1554;16.3996;10192.1101;7.862;422.6481;553.2872;753.9903;3.5627;0.0;0.0;0.0;0.0;0.0;0.0;0.0;47.2822;102.1799;93.9922;0.0;165.0392;102.985;35.25;1124.0;1074.0;2.41;2.43;1.25;5.01;6.22;0.0;0.0;0.0;5.0;56.48;40.89;566.5843;1657.0;78600.0;20.0;0.0;40.0;80.0;25.0;33.3;1.0;4000.0;268
268;0.5549;273.6548;79681.4205;0.1218;252.3113;3926529.4089;1.5687;15.9984;11499.1538;7.075;452.8771;545.1902;717.2803;3.656;0.0;0.0;0.0;0.0;0.0;0.0;0.0;49.6992;87.7764;93.7622;0.0;195.0323;91.5702;35.25;1124.0;1074.0;2.41;2.43;1.25;5.01;6.22;0.0;0.0;0.0;5.0;56.48;40.89;568.9841;1657.0;78600.0;20.0;0.0;40.0;80.0;25.0;33.3;1.0;4000.0;269
269;0.5421;249.214;79999.9163;0.1305;228.2828;4068017.1797;1.4983;16.3278;11903.1364;7.0785;432.0109;596.372;724.7854;4.5047;0.0;0.0;0.0;0.0;0.0;0.0;0.0;36.9258;92.9538;94.4201;0.0;181.3998;91.1849;35.25;1124.0;1074.0;2.41;2.43;1.25;5.01;6.22;0.0;0.0;0.0;5.0;56.48;40.89;557.5405;1657.0;78600.0;20.0;0.0;40.0;80.0;25.0;33.3;1.0;4000.0;270
270;0.5694;186.5985;80730.1523;0.1297;164.2723;4098710.2771;1.0459;16.1506;11366.9069;7.9951;447.6477;597.457;778.699;6.3278;0.0;0.0;0.0;0.0;0.0;0.0;0.0;40.5635;87.8822;94.9088;0.0;163.2935;104.7903;35.25;1124.0;1074.0;2.41;2.43;1.25;5.01;6.22;0.0;0.0;0.0;5.0;56.48;40.89;558.1695;1657.0;78600.0;20.0;0.0;40.0;80.0;25.0;33.3;1.0;4000.0;271
271;0.6072;168.1415;82167.8444;0.1129;144.8099;3878279.1781;1.0008;16.3562;10162.7887;7.4757;408.9087;526.9847;832.6337;4.3673;0.0;0.0;0.0;0.0;0.0;0.0;0.0;33.7104;107.1049;94.1065;0.0;191.5596;99.4683;35.25;1124.0;1074.0;2.41;2.43;1.25;5.01;6.22;0.0;0.0;0.0;5.0;56.48;40.89;567.5307;1657.0;78600.0;20.0;0.0;40.0;80.0;25.0;33.3;1.0;4000.0;272
272;0.5524;185.9473;78514.2038;0.1302;165.0674;3883082.2653;1.0186;16.0387;11595.2445;7.5902;457.0685;536.8345;820.8757;6.4883;0.0;0.0;0.0;0.0;0.0;0.0;0.0;45.8367;84.0623;93.9221;0.0;172.8339;82.5735;35.25;1124.0;1074.0;2.41;2.43;1.25;5.01;6.22;0.0;0.0;0.0;5.0;56.48;40.89;566.7121;1657.0;78600.0;20.0;0.0;40.0;80.0;25.0;33.3;1.0;4000.0;273
273;0.5935;240.3122;79617.2912;0.1649;220.1533;3744461.1232;1.5163;16.005;11605.6044;7.0432;414.9659;541.2362;788.0091;6.299;0.0;0.0;0.0;0.0;0.0;0.0;0.0;38.6148;86.1744;95.1736;0.0;192.298;93.5808;35.25;1124.0;1074.0;2.41;2.43;1.25;5.01;6.22;0.0;0.0;0.0;5.0;56.48;40.89;567.8319;1657.0;78600.0;20.0;0.0;40.0;80.0;25.0;33.3;1.0;4000.0;274
274;0.5861;229.0497;79765.8132;0.152;208.0682;3855045.2583;1.4379;16.8342;10914.4109;7.5045;415.7478;557.9318;743.5568;5.7628;0.0;0.0;0.0;0.0;0.0;0.0;0.0;37.1547;91.8731;95.6747;0.0;196.682;89.4441;35.25;1124.0;1074.0;2.41;2.43;1.25;5.01;6.22;0.0;0.0;0.0;5.0;56.48;40.89;559.0964;1657.0;78600.0;20.0;0.0;40.0;80.0;25.0;33.3;1.0;4000.0;275
275;0.567;213.7769;81238.6726;0.1064;191.1491;3990597.7423;1.192;16.9215;10422.1204;7.3792;451.7389;569.1552;791.423;3.2798;0.0;0.0;0.0;0.0;0.0;0.0;0.0;30.9827;88.987;93.8071;0.0;182.1839;109.644;35.25;1124.0;1074.0;2.41;2.43;1.25;5.01;6.22;0.0;0.0;0.0;5.0;56.48;40.89;569.1982;1657.0;78600.0;20.0;0.0;40.0;80.0;25.0;33.3;1.0;4000.0;276
276;0.5682;238.7814;80390.2317;0.1238;216.4035;4047922.6965;1.3788;15.2043;11897.2517;7.615;448.0086;526.2921;836.713;4.5244;0.0;0.0;0.0;0.0;0.0;0.0;0.0;45.3652;103.5961;95.0534;0.0;188.2362;84.8744;35.25;1124.0;1074.0;2.41;2.43;1.25;5.01;6.22;0.0;0.0;0.0;5.0;56.48;40.89;559.6341;1657.0;78600.0;20.0;0.0;40.0;80.0;25.0;33.3;1.0;4000.0;277
277;0.6447;231.0652;78882.3451;0.1642;207.3009;3901061.6283;1.4418;15.7115;10448.1567;7.8323;407.4517;595.9507;842.6559;6.323;0.0;0.0;0.0;0.0;0.0;0.0;0.0;39.1301;81.6842;94.3679;0.0;167.8338;90.1478;35.25;1124.0;1074.0;2.41;2.43;1.25;5.01;6.22;0.0;0.0;0.0;5.0;56.48;40.89;568.6057;1657.0;78600.0;20.0;0.0;40.0;80.0;25.0;33.3;1.0;4000.0;278
278;0.5397;274.1625;78377.7368;0.1356;253.284;4049416.85;1.4814;16.314;11888.7087;7.067;482.1681;555.7554;876.9359;4.8388;0.0;0.0;0.0;0.0;0.0;0.0;0.0;39.3448;85.2627;93.909;0.0;173.0396;80.333;35.25;1124.0;1074.0;2.41;2.43;1.25;5.01;6.22;0.0;0.0;0.0;5.0;56.48;40.89;561.2393;1657.0;78600.0;20.0;0.0;40.0;80.0;25.0;33.3;1.0;4000.0;279
279;0.6425;231.6371;81309.5979;0.13;207.161;3883446.9015;1.1848;15.5929;10175.3292;7.3997;496.8934;502.9839;727.6414;5.0634;0.0;0.0;0.0;0.0;0.0;0.0;0.0;30.6571;88.6981;94.6334;0.0;183.117;110.8146;35.25;1124.0;1074.0;2.41;2.43;1.25;5.01;6.22;0.0;0.0;0.0;5.0;56.48;40.89;555.1801;1657.0;78600.0;20.0;0.0;40.0;80.0;25.0;33.3;1.0;4000.0;280
280;0.5838;173.1053;79611.6669;0.113;151.338;3680574.484;1.0742;15.8969;10636.5104;7.9314;405.1031;536.3994;741.5684;4.3647;0.0;0.0;0.0;0.0;0.0;0.0;0.0;43.8937;84.6768;95.7518;0.0;189.6468;94.7449;35.25;1124.0;1074.0;2.41;2.43;1.25;5.01;6.22;0.0;0.0;0.0;5.0;56.48;40.89;568.8003;1657.0;78600.0;20.0;0.0;40.0;80.0;25.0;33.3;1.0;4000.0;281
281;0.5797;236.7105;81602.2666;0.1087;213.4764;4025116.656;1.2374;16.2636;10652.1051;7.6873;494.4707;529.9379;709.983;3.4722;0.0;0.0;0.0;0.0;0.0;0.0;0.0;33.4375;91.7653;95.4432;0.0;198.3878;109.8555;35.25;1124.0;1074.0;2.41;2.43;1.25;5.01;6.22;0.0;0.0;0.0;5.0;56.48;40.89;567.1676;1657.0;78600.0;20.0;0.0;40.0;80.0;25.0;33.3;1.0;4000.0;282
282;0.593;292.2045;79692.4635;0.1579;268.07;4420323.9864;1.5013;16.8677;10858.2888;7.653;499.5389;591.6153;812.4804;5.8113;0.0;0.0;0.0;0.0;0.0;0.0;0.0;46.8517;97.5541;93.1607;0.0;191.1265;82.8082;35.25;1124.0;1074.0;2.41;2.43;1.25;5.01;6.22;0.0;0.0;0.0;5.0;56.48;40.89;569.5542;1657.0;78600.0;20.0;0.0;40.0;80.0;25.0;33.3;1.0;4000.0;283
283;0.5725;252.9903;81264.5643;0.1152;231.1058;3889066.448;1.5505;16.5179;10758.5259;7.6457;427.4828;560.4702;795.175;3.2491;0.0;0.0;0.0;0.0;0.0;0.0;0.0;35.6754;89.3717;95.5045;0.0;196.3194;108.8534;35.25;1124.0;1074.0;2.41;2.43;1.25;5.01;6.22;0.0;0.0;0.0;5.0;56.48;40.89;553.6339;1657.0;78600.0;20.0;0.0;40.0;80.0;25.0;33.3;1.0;4000.0;284
284;0.6457;252.0389;82955.4164;0.1554;228.6446;3958205.7517;1.5387;15.0011;11278.8725;7.6378;418.2236;549.8286;733.9151;5.7545;0.0;0.0;0.0;0.0;0.0;0.0;0.0;47.1995;101.2056;93.7229;0.0;195.9209;111.9456;35.25;1124.0;1074.0;2.41;2.43;1.25;5.01;6.22;0.0;0.0;0.0;5.0;56.48;40.89;552.6729;1657.0;78600.0;20.0;0.0;40.0;80.0;25.0;33.3;1.0;4000.0;285
285;0.6858;300.6443;83693.0571;0.1603;274.1319;4222722.6805;1.5596;15.9223;10003.1861;7.6555;498.2597;516.2064;772.9388;5.4764;0.0;0.0;0.0;0.0;0.0;0.0;0.0;48.7129;103.9899;94.396;0.0;180.5947;116.2148;35.25;1124.0;1074.0;2.41;2.43;1.25;5.01;6.22;0.0;0.0;0.0;5.0;56.48;40.89;563.9546;1657.0;78600.0;20.0;0.0;40.0;80.0;25.0;33.3;1.0;4000.0;286
286;0.6133;244.6838;79638.6978;0.1071;218.4826;4121743.1698;1.287;15.2218;10334.6366;7.6191;487.9803;592.345;898.7661;3.1788;0.0;0.0;0.0;0.0;0.0;0.0;0.0;30.2788;80.5673;95.7212;0.0;199.1583;101.052;35.25;1124.0;1074.0;2.41;2.43;1.25;5.01;6.22;0.0;0.0;0.0;5.0;56.48;40.89;556.0052;1657.0;78600.0;20.0;0.0;40.0;80.0;25.0;33.3;1.0;4000.0;287
287;0.6023;234.5527;80095.6881;0.1436;211.7418;3983272.4489;1.2811;16.5718;10537.2569;7.7585;461.7864;559.1593;774.5288;5.8439;0.0;0.0;0.0;0.0;0.0;0.0;0.0;49.7496;83.974;93.0383;0.0;165.0573;101.3555;35.25;1124.0;1074.0;2.41;2.43;1.25;5.01;6.22;0.0;0.0;0.0;5.0;56.48;40.89;551.3567;1657.0;78600.0;20.0;0.0;40.0;80.0;25.0;33.3;1.0;4000.0;288
288;0.5857;233.4598;80324.938;0.1252;209.4001;4196362.6074;1.2343;16.4733;10587.7205;7.2609;484.5693;581.2019;866.4558;4.6187;0.0;0.0;0.0;0.0;0.0;0.0;0.0;44.6132;87.1247;95.1139;0.0;163.6898;100.7387;35.25;1124.0;1074.0;2.41;2.43;1.25;5.01;6.22;0.0;0.0;0.0;5.0;56.48;40.89;562.4896;1657.0;78600.0;20.0;0.0;40.0;80.0;25.0;33.3;1.0;4000.0;289
289;0.5434;276.8741;79802.2235;0.1363;257.3902;3819755.2116;1.5336;16.8247;11652.3111;7.8689;477.4236;505.0852;884.6985;4.7968;0.0;0.0;0.0;0.0;0.0;0.0;0.0;42.7476;82.8073;94.7258;0.0;198.4029;99.1093;35.25;1124.0;1074.0;2.41;2.43;1.25;5.01;6.22;0.0;0.0;0.0;5.0;56.48;40.89;553.0689;1657.0;78600.0;20.0;0.0;40.0;80.0;25.0;33.3;1.0;4000.0;290
290;0.611;204.5562;81882.9331;0.11;180.0245;4009678.494;1.0721;15.625;10460.7207;7.5687;469.5951;544.2705;739.168;4.062;0.0;0.0;0.0;0.0;0.0;0.0;0.0;41.4649;91.2698;93.1261;0.0;188.911;113.0013;35.25;1124.0;1074.0;2.41;2.43;1.25;5.01;6.22;0.0;0.0;0.0;5.0;56.48;40.89;561.6782;1657.0;78600.0;20.0;0.0;40.0;80.0;25.0;33.3;1.0;4000.0;291
291;0.6218;270.3948;79582.6093;0.1494;248.0217;3769275.546;1.4941;16.4396;10248.073;7.6713;465.3146;514.3853;821.8165;5.2526;0.0;0.0;0.0;0.0;0.0;0.0;0.0;40.8939;81.0719;93.3428;0.0;171.4549;99.2471;35.25;1124.0;1074.0;2.41;2.43;1.25;5.01;6.22;0.0;0.0;0.0;5.0;56.48;40.89;550.7059;1657.0;78600.0;20.0;0.0;40.0;80.0;25.0;33.3;1.0;4000.0;292
292;0.5222;249.9147;80847.6255;0.1145;229.4471;4058702.4775;1.3473;16.7458;11841.7542;7.2425;483.2659;525.4755;729.2066;3.9819;0.0;0.0;0.0;0.0;0.0;0.0;0.0;36.7916;97.6305;94.4957;0.0;195.8794;95.2915;35.25;1124.0;1074.0;2.41;2.43;1.25;5.01;6.22;0.0;0.0;0.0;5.0;56.48;40.89;555.6575;1657.0;78600.0;20.0;0.0;40.0;80.0;25.0;33.3;1.0;4000.0;293
293;0.6241;265.5491;83822.4746;0.1544;242.4222;4127564.4316;1.5696;15.4754;11532.7669;7.3944;433.615;571.0955;881.1602;5.5751;0.0;0.0;0.0;0.0;0.0;0.0;0.0;38.8278;102.7157;93.49;0.0;171.9518;119.7423;35.25;1124.0;1074.0;2.41;2.43;1.25;5.01;6.22;0.0;0.0;0.0;5.0;56.48;40.89;560.0278;1657.0;78600.0;20.0;0.0;40.0;80.0;25.0;33.3;1.0;4000.0;294
294;0.6452;243.8498;81170.8436;0.1409;221.3557;3620619.983;1.5323;15.8402;10161.4364;7.4535;409.5331;505.4249;854.5391;4.5442;0.0;0.0;0.0;0.0;0.0;0.0;0.0;41.2791;86.8448;94.4031;0.0;194.8046;110.4636;35.25;1124.0;1074.0;2.41;2.43;1.25;5.01;6.22;0.0;0.0;0.0;5.0;56.48;40.89;555.5862;1657.0;78600.0;20.0;0.0;40.0;80.0;25.0;33.3;1.0;4000.0;295
295;0.625;202.2703;79745.6459;0.1465;178.8732;3899277.0046;1.1489;15.2751;10910.3236;7.5202;447.2492;537.0781;703.9918;6.8075;0.0;0.0;0.0;0.0;0.0;0.0;0.0;31.6813;94.3318;95.6601;0.0;197.7901;87.3406;35.25;1124.0;1074.0;2.41;2.43;1.25;5.01;6.22;0.0;0.0;0.0;5.0;56.48;40.89;557.4075;1657.0;78600.0;20.0;0.0;40.0;80.0;25.0;33.3;1.0;4000.0;296
296;0.5341;193.807;79658.341;0.0997;172.4023;3925034.0497;1.189;15.4069;11901.9432;7.6364;410.0596;581.3908;844.1238;3.5063;0.0;0.0;0.0;0.0;0.0;0.0;0.0;44.3353;87.182;94.1738;0.0;170.6864;92.905;35.25;1124.0;1074.0;2.41;2.43;1.25;5.01;6.22;0.0;0.0;0.0;5.0;56.48;40.89;553.1415;1657.0;78600.0;20.0;0.0;40.0;80.0;25.0;33.3;1.0;4000.0;297
297;0.632;233.8725;79287.4027;0.1368;209.0419;3975956.2321;1.2297;15.9937;10011.6417;7.8428;481.5391;505.5013;848.2822;5.2589;0.0;0.0;0.0;0.0;0.0;0.0;0.0;40.381;94.5189;94.3282;0.0;168.0837;82.099;35.25;1124.0;1074.0;2.41;2.43;1.25;5.01;6.22;0.0;0.0;0.0;5.0;56.48;40.89;567.0706;1657.0;78600.0;20.0;0.0;40.0;80.0;25.0;33.3;1.0;4000.0;298
298;0.6283;224.8921;81120.7558;0.1599;202.5071;3876589.6211;1.3966;15.7756;10977.6279;7.6088;414.0628;523.0074;712.0701;6.4669;0.0;0.0;0.0;0.0;0.0;0.0;0.0;35.2719;108.1351;95.0916;0.0;197.7195;88.6465;35.25;1124.0;1074.0;2.41;2.43;1.25;5.01;6.22;0.0;0.0;0.0;5.0;56.48;40.89;561.0103;1657.0;78600.0;20.0;0.0;40.0;80.0;25.0;33.3;1.0;4000.0;299
299;0.5756;252.8144;80888.7292;0.1483;232.5148;3842805.9921;1.4324;16.1039;11755.1742;7.3964;461.2866;514.2673;830.2173;5.7941;0.0;0.0;0.0;0.0;0.0;0.0;0.0;48.1763;85.73;94.63;0.0;163.3115;108.6903;35.25;1124.0;1074.0;2.41;2.43;1.25;5.01;6.22;0.0;0.0;0.0;5.0;56.48;40.89;559.9429;1657.0;78600.0;20.0;0.0;40.0;80.0;25.0;33.3;1.0;4000.0;300
300;0.5854;212.3915;79833.3209;0.1276;191.1914;3697250.3015;1.3439;15.4176;11311.6298;7.8098;402.9399;542.3203;773.0331;4.795;0.0;0.0;0.0;0.0;0.0;0.0;0.0;43.9483;83.9308;94.3155;0.0;179.439;98.4368;35.25;1124.0;1074.0;2.41;2.43;1.25;5.01;6.22;0.0;0.0;0.0;5.0;56.48;40.89;550.1664;1657.0;78600.0;20.0;0.0;40.0;80.0;25.0;33.3;1.0;4000.0;301
301;0.66;205.6141;80007.1597;0.1395;179.7146;3981058.0915;1.0627;15.2009;10111.987;7.4024;486.1914;503.0574;853.463;6.3313;0.0;0.0;0.0;0.0;0.0;0.0;0.0;41.394;93.8773;95.7368;0.0;193.7818;89.8013;35.25;1124.0;1074.0;2.41;2.43;1.25;5.01;6.22;0.0;0.0;0.0;5.0;56.48;40.89;563.0034;1657.0;78600.0;20.0;0.0;40.0;80.0;25.0;33.3;1.0;4000.0;302
302;0.5784;201.036;80155.8356;0.1318;180.0653;3764218.0323;1.1606;16.4433;10916.2125;7.5009;444.8175;531.9045;778.3156;5.5401;0.0;0.0;0.0;0.0;0.0;0.0;0.0;30.5765;84.371;95.4726;0.0;166.2802;103.0741;35.25;1124.0;1074.0;2.41;2.43;1.25;5.01;6.22;0.0;0.0;0.0;5.0;56.48;40.89;568.1515;1657.0;78600.0;20.0;0.0;40.0;80.0;25.0;33.3;1.0;4000.0;303
303;0.5729;212.5063;80427.4332;0.1394;189.7807;4215821.6268;1.1125;16.3429;11351.1052;7.3318;481.9186;575.1272;722.0093;6.6455;0.0;0.0;0.0;0.0;0.0;0.0;0.0;36.1695;96.1655;94.0732;0.0;194.1447;92.4505;35.25;1124.0;1074.0;2.41;2.43;1.25;5.01;6.22;0.0;0.0;0.0;5.0;56.48;40.89;553.3145;1657.0;78600.0;20.0;0.0;40.0;80.0;25.0;33.3;1.0;4000.0;304
304;0.6082;249.4092;79353.2115;0.1648;228.187;3798437.1184;1.5448;15.0138;11921.3045;7.4487;417.4022;544.0636;779.5688;6.3949;0.0;0.0;0.0;0.0;0.0;0.0;0.0;30.9651;91.9828;94.098;0.0;182.749;85.5688;35.25;1124.0;1074.0;2.41;2.43;1.25;5.01;6.22;0.0;0.0;0.0;5.0;56.48;40.89;555.5598;1657.0;78600.0;20.0;0.0;40.0;80.0;25.0;33.3;1.0;4000.0;305
305;0.5272;276.4192;78875.5124;0.1202;255.3825;4077333.1461;1.5289;16.6134;11666.4585;7.9403;475.7407;598.1434;718.3432;3.7991;0.0;0.0;0.0;0.0;0.0;0.0;0.0;34.1708;80.2972;94.8424;0.0;186.127;91.7231;35.25;1124.0;1074.0;2.41;2.43;1.25;5.01;6.22;0.0;0.0;0.0;5.0;56.48;40.89;568.9201;1657.0;78600.0;20.0;0.0;40.0;80.0;25.0;33.3;1.0;4000.0;306
306;0.6226;195.2999;80587.975;0.1383;173.1269;3689805.0747;1.1802;16.1978;10273.633;7.772;410.1568;512.6216;745.2979;5.7467;0.0;0.0;0.0;0.0;0.0;0.0;0.0;46.6564;91.6485;93.1076;0.0;181.84;98.1207;35.25;1124.0;1074.0;2.41;2.43;1.25;5.01;6.22;0.0;0.0;0.0;5.0;56.48;40.89;562.0143;1657.0;78600.0;20.0;0.0;40.0;80.0;25.0;33.3;1.0;4000.0;307
307;0.6143;247.6414;81066.2307;0.1168;222.2678;4134545.2789;1.2744;16.0881;10128.4033;7.541;497.3229;563.5132;882.1371;3.8231;0.0;0.0;0.0;0.0;0.0;0.0;0.0;45.2317;83.6994;94.9537;0.0;166.4949;113.6089;35.25;1124.0;1074.0;2.41;2.43;1.25;5.01;6.22;0.0;0.0;0.0;5.0;56.48;40.89;550.486;1657.0;78600.0;20.0;0.0;40.0;80.0;25.0;33.3;1.0;4000.0;308
308;0.5553;183.8029;80097.6601;0.0922;161.0031;3943694.9651;1.0797;15.2858;11315.7429;7.7812;422.5208;571.3732;822.6696;3.0281;0.0;0.0;0.0;0.0;0.0;0.0;0.0;39.9446;90.3891;94.3542;0.0;167.1445;94.8632;35.25;1124.0;1074.0;2.41;2.43;1.25;5.01;6.22;0.0;0.0;0.0;5.0;56.48;40.89;554.1826;1657.0;78600.0;20.0;0.0;40.0;80.0;25.0;33.3;1.0;4000.0;309
309;0.5832;240.2412;78141.0563;0.1485;218.7054;3871241.7446;1.4394;15.8243;11359.6497;7.9667;434.113;571.4562;869.2502;5.7099;0.0;0.0;0.0;0.0;0.0;0.0;0.0;35.1033;80.3077;95.1413;0.0;194.3533;82.3353;35.25;1124.0;1074.0;2.41;2.43;1.25;5.01;6.22;0.0;0.0;0.0;5.0;56.48;40.89;565.2983;1657.0;78600.0;20.0;0.0;40.0;80.0;25.0;33.3;1.0;4000.0;310
310;0.639;258.0622;81853.7378;0.1515;233.4614;4130394.5063;1.3541;16.5975;10115.7693;7.299;496.2519;524.9639;720.8043;5.8058;0.0;0.0;0.0;0.0;0.0;0.0;0.0;41.8496;98.2791;95.8478;0.0;164.5737;105.0299;35.25;1124.0;1074.0;2.41;2.43;1.25;5.01;6.22;0.0;0.0;0.0;5.0;56.48;40.89;552.9503;1657.0;78600.0;20.0;0.0;40.0;80.0;25.0;33.3;1.0;4000.0;311
311;0.6129;195.0267;82945.7944;0.1438;172.3384;4011920.2321;1.166;16.4032;10780.0988;7.634;420.1479;545.0379;810.1508;6.4002;0.0;0.0;0.0;0.0;0.0;0.0;0.0;33.4824;109.4358;94.6592;0.0;196.5194;104.4137;35.25;1124.0;1074.0;2.41;2.43;1.25;5.01;6.22;0.0;0.0;0.0;5.0;56.48;40.89;567.2478;1657.0;78600.0;20.0;0.0;40.0;80.0;25.0;33.3;1.0;4000.0;312
312;0.5753;252.2175;80241.9675;0.1193;229.664;3968348.4771;1.2911;16.1778;10876.1989;7.6955;499.2776;500.9847;879.2785;4.1811;0.0;0.0;0.0;0.0;0.0;0.0;0.0;44.7267;88.6604;93.4659;0.0;180.4689;97.711;35.25;1124.0;1074.0;2.41;2.43;1.25;5.01;6.22;0.0;0.0;0.0;5.0;56.48;40.89;560.9178;1657.0;78600.0;20.0;0.0;40.0;80.0;25.0;33.3;1.0;4000.0;313
313;0.5845;226.9036;79758.343;0.1405;204.3437;4052549.0315;1.2754;16.5465;10856.407;7.2398;450.5459;589.7339;823.7023;5.6311;0.0;0.0;0.0;0.0;0.0;0.0;0.0;41.8154;84.1154;93.6415;0.0;174.3296;97.613;35.25;1124.0;1074.0;2.41;2.43;1.25;5.01;6.22;0.0;0.0;0.0;5.0;56.48;40.89;560.5475;1657.0;78600.0;20.0;0.0;40.0;80.0;25.0;33.3;1.0;4000.0;314
314;0.5476;222.3044;81267.3174;0.1227;201.2533;4026521.3299;1.2909;15.977;11971.8269;7.5355;444.6018;526.1432;860.9415;4.7377;0.0;0.0;0.0;0.0;0.0;0.0;0.0;43.5374;103.0554;94.9653;0.0;191.3057;93.9122;35.25;1124.0;1074.0;2.41;2.43;1.25;5.01;6.22;0.0;0.0;0.0;5.0;56.48;40.89;564.2291;1657.0;78600.0;20.0;0.0;40.0;80.0;25.0;33.3;1.0;4000.0;315
315;0.5732;244.4215;78918.9436;0.1111;222.1609;3801715.6644;1.4512;15.9016;10739.9454;7.2203;429.1927;530.5163;866.7632;3.0956;0.0;0.0;0.0;0.0;0.0;0.0;0.0;44.0559;86.9735;93.359;0.0;170.2986;84.6561;35.25;1124.0;1074.0;2.41;2.43;1.25;5.01;6.22;0.0;0.0;0.0;5.0;56.48;40.89;565.495;1657.0;78600.0;20.0;0.0;40.0;80.0;25.0;33.3;1.0;4000.0;316
316;0.5143;220.9598;78179.8353;0.1067;200.8778;3851541.1768;1.3426;16.0573;11944.1195;7.7608;423.2028;570.6755;837.8196;3.5599;0.0;0.0;0.0;0.0;0.0;0.0;0.0;33.8888;83.2154;94.1906;0.0;174.833;80.3558;35.25;1124.0;1074.0;2.41;2.43;1.25;5.01;6.22;0.0;0.0;0.0;5.0;56.48;40.89;559.1384;1657.0;78600.0;20.0;0.0;40.0;80.0;25.0;33.3;1.0;4000.0;317
317;0.5306;189.6134;78546.5676;0.1223;168.9229;3980241.9536;1.0194;16.7174;11507.1922;7.727;477.1698;540.7948;883.2868;5.8649;0.0;0.0;0.0;0.0;0.0;0.0;0.0;42.3642;84.7083;95.89;0.0;188.7924;82.29;35.25;1124.0;1074.0;2.41;2.43;1.25;5.01;6.22;0.0;0.0;0.0;5.0;56.48;40.89;558.4854;1657.0;78600.0;20.0;0.0;40.0;80.0;25.0;33.3;1.0;4000.0;318
318;0.5712;188.4706;80929.3;0.1182;164.6175;4261315.7895;1.0073;16.0259;11147.4974;7.7434;459.3211;597.568;892.679;5.3499;0.0;0.0;0.0;0.0;0.0;0.0;0.0;35.7639;97.3432;93.593;0.0;168.3618;96.8989;35.25;1124.0;1074.0;2.41;2.43;1.25;5.01;6.22;0.0;0.0;0.0;5.0;56.48;40.89;565.2;1657.0;78600.0;20.0;0.0;40.0;80.0;25.0;33.3;1.0;4000.0;319
319;0.5945;210.5144;80290.1654;0.1328;187.4441;4012252.499;1.0898;15.3382;11338.6412;7.0408;492.7958;549.4031;765.5635;6.0742;0.0;0.0;0.0;0.0;0.0;0.0;0.0;46.5817;81.9458;95.4083;0.0;176.0556;106.2425;35.25;1124.0;1074.0;2.41;2.43;1.25;5.01;6.22;0.0;0.0;0.0;5.0;56.48;40.89;567.7319;1657.0;78600.0;20.0;0.0;40.0;80.0;25.0;33.3;1.0;4000.0;320
320;0.5907;204.1359;81047.2387;0.147;182.7594;3904372.959;1.2275;16.0149;11404.8607;7.8839;419.6704;544.6015;894.0595;6.697;0.0;0.0;0.0;0.0;0.0;0.0;0.0;38.7975;96.015;93.863;0.0;190.5412;98.8964;35.25;1124.0;1074.0;2.41;2.43;1.25;5.01;6.22;0.0;0.0;0.0;5.0;56.48;40.89;550.1881;1657.0;78600.0;20.0;0.0;40.0;80.0;25.0;33.3;1.0;4000.0;321
321;0.6254;224.002;80566.2731;0.1502;200.9531;3907941.6721;1.2775;16.1558;10494.6704;7.3006;443.9728;524.4722;857.856;6.1666;0.0;0.0;0.0;0.0;0.0;0.0;0.0;45.7087;93.1487;93.9868;0.0;195.7559;96.1083;35.25;1124.0;1074.0;2.41;2.43;1.25;5.01;6.22;0.0;0.0;0.0;5.0;56.48;40.89;560.2101;1657.0;78600.0;20.0;0.0;40.0;80.0;25.0;33.3;1.0;4000.0;322
322;0.5919;198.8994;81278.2998;0.1428;176.6061;4034923.3182;1.1694;15.2108;11898.9591;7.6229;432.5176;596.6895;804.7062;6.787;0.0;0.0;0.0;0.0;0.0;0.0;0.0;45.5966;85.1033;95.3686;0.0;172.8878;114.0611;35.25;1124.0;1074.0;2.41;2.43;1.25;5.01;6.22;0.0;0.0;0.0;5.0;56.48;40.89;558.5404;1657.0;78600.0;20.0;0.0;40.0;80.0;25.0;33.3;1.0;4000.0;323
323;0.6053;274.1008;80106.1625;0.1479;250.8705;4068462.6211;1.5178;16.8424;10398.5014;7.1857;464.1314;587.424;854.2461;5.0439;0.0;0.0;0.0;0.0;0.0;0.0;0.0;32.7105;84.3108;93.5083;0.0;198.2141;101.8946;35.25;1124.0;1074.0;2.41;2.43;1.25;5.01;6.22;0.0;0.0;0.0;5.0;56.48;40.89;554.4616;1657.0;78600.0;20.0;0.0;40.0;80.0;25.0;33.3;1.0;4000.0;324
324;0.5735;194.55;83565.8138;0.1155;171.85;4141983.5547;1.0113;16.5585;11019.504;7.2233;476.7078;509.2072;841.4883;4.9415;0.0;0.0;0.0;0.0;0.0;0.0;0.0;47.1597;105.5692;93.4172;0.0;178.6985;113.4111;35.25;1124.0;1074.0;2.41;2.43;1.25;5.01;6.22;0.0;0.0;0.0;5.0;56.48;40.89;568.1346;1657.0;78600.0;20.0;0.0;40.0;80.0;25.0;33.3;1.0;4000.0;325
325;0.5508;204.4981;78794.4075;0.1499;184.827;3866058.6015;1.3155;16.3885;11992.24;7.4156;400.5832;583.3297;848.7024;6.4376;0.0;0.0;0.0;0.0;0.0;0.0;0.0;44.4554;83.5099;94.9429;0.0;199.5882;86.0197;35.25;1124.0;1074.0;2.41;2.43;1.25;5.01;6.22;0.0;0.0;0.0;5.0;56.48;40.89;569.1656;1657.0;78600.0;20.0;0.0;40.0;80.0;25.0;33.3;1.0;4000.0;326
326;0.5557;208.8302;81000.5155;0.1089;186.171;4107518.236;1.085;16.4955;10989.3244;7.8302;479.5943;569.3568;764.5596;4.144;0.0;0.0;0.0;0.0;0.0;0.0;0.0;46.9792;86.7516;93.0756;0.0;166.1492;108.7276;35.25;1124.0;1074.0;2.41;2.43;1.25;5.01;6.22;0.0;0.0;0.0;5.0;56.48;40.89;568.365;1657.0;78600.0;20.0;0.0;40.0;80.0;25.0;33.3;1.0;4000.0;327
327;0.5804;291.364;78884.9036;0.1184;267.8164;4020921.2909;1.5275;16.1158;10595.6318;7.7296;489.8954;565.7993;754.5347;3.4206;0.0;0.0;0.0;0.0;0.0;0.0;0.0;40.2577;80.1905;93.0447;0.0;172.5935;91.6689;35.25;1124.0;1074.0;2.41;2.43;1.25;5.01;6.22;0.0;0.0;0.0;5.0;56.48;40.89;557.1526;1657.0;78600.0;20.0;0.0;40.0;80.0;25.0;33.3;1.0;4000.0;328
328;0.6607;199.1086;83089.7897;0.1249;171.2988;4312634.6689;1.0042;15.0255;10320.8838;7.3854;480.7734;538.8211;874.1083;5.5483;0.0;0.0;0.0;0.0;0.0;0.0;0.0;41.9936;109.8935;93.8535;0.0;176.3382;104.9888;35.25;1124.0;1074.0;2.41;2.43;1.25;5.01;6.22;0.0;0.0;0.0;5.0;56.48;40.89;560.498;1657.0;78600.0;20.0;0.0;40.0;80.0;25.0;33.3;1.0;4000.0;329
329;0.6532;253.4125;81747.8299;0.1653;229.6895;3974728.6142;1.4259;15.7338;10648.8746;7.8374;458.1012;517.6206;808.638;6.6038;0.0;0.0;0.0;0.0;0.0;0.0;0.0;33.8114;100.6588;94.7008;0.0;171.3764;101.929;35.25;1124.0;1074.0;2.41;2.43;1.25;5.01;6.22;0.0;0.0;0.0;5.0;56.48;40.89;558.7692;1657.0;78600.0;20.0;0.0;40.0;80.0;25.0;33.3;1.0;4000.0;330
330;0.5708;231.7029;80602.8946;0.1157;209.6605;3904175.9301;1.2645;16.466;10756.7825;7.4954;468.7275;507.6818;771.174;3.9646;0.0;0.0;0.0;0.0;0.0;0.0;0.0;44.5365;92.6332;94.1384;0.0;167.5136;97.6807;35.25;1124.0;1074.0;2.41;2.43;1.25;5.01;6.22;0.0;0.0;0.0;5.0;56.48;40.89;558.5692;1657.0;78600.0;20.0;0.0;40.0;80.0;25.0;33.3;1.0;4000.0;331
331;0.5752;173.0738;80055.015;0.1334;152.0106;3816872.7382;1.0857;16.1085;11249.3707;7.4602;401.7976;534.7268;890.2581;6.2048;0.0;0.0;0.0;0.0;0.0;0.0;0.0;36.5182;98.9565;95.5625;0.0;168.8745;86.4252;35.25;1124.0;1074.0;2.41;2.43;1.25;5.01;6.22;0.0;0.0;0.0;5.0;56.48;40.89;565.8816;1657.0;78600.0;20.0;0.0;40.0;80.0;25.0;33.3;1.0;4000.0;332
332;0.5467;210.4281;80897.1391;0.1278;189.4352;4054238.513;1.135;16.8272;11476.9187;7.8743;475.0222;542.0567;879.9988;5.6384;0.0;0.0;0.0;0.0;0.0;0.0;0.0;32.1998;93.7406;94.7749;0.0;192.5791;100.2031;35.25;1124.0;1074.0;2.41;2.43;1.25;5.01;6.22;0.0;0.0;0.0;5.0;56.48;40.89;566.5554;1657.0;78600.0;20.0;0.0;40.0;80.0;25.0;33.3;1.0;4000.0;333
333;0.6033;245.5851;80356.256;0.1645;223.0745;4122126.2523;1.4401;16.8053;10896.5163;7.264;441.4375;588.0666;842.2249;6.4122;0.0;0.0;0.0;0.0;0.0;0.0;0.0;49.1521;91.1648;94.8978;0.0;187.2757;95.7832;35.25;1124.0;1074.0;2.41;2.43;1.25;5.01;6.22;0.0;0.0;0.0;5.0;56.48;40.89;569.3976;1657.0;78600.0;20.0;0.0;40.0;80.0;25.0;33.3;1.0;4000.0;334
334;0.5603;232.3477;79830.1604;0.1;209.1346;4026069.8726;1.1785;15.67;11068.2593;7.2855;497.0011;534.9694;741.454;3.1705;0.0;0.0;0.0;0.0;0.0;0.0;0.0;48.0688;86.1455;93.2621;0.0;173.413;95.6606;35.25;1124.0;1074.0;2.41;2.43;1.25;5.01;6.22;0.0;0.0;0.0;5.0;56.48;40.89;559.2945;1657.0;78600.0;20.0;0.0;40.0;80.0;25.0;33.3;1.0;4000.0;335
335;0.6054;256.6285;82625.6465;0.1503;235.2886;3874134.9981;1.4948;15.8516;11452.6942;7.5937;443.1316;525.1225;787.3728;5.6687;0.0;0.0;0.0;0.0;0.0;0.0;0.0;31.2068;96.1122;93.7474;0.0;188.4836;115.8476;35.25;1124.0;1074.0;2.41;2.43;1.25;5.01;6.22;0.0;0.0;0.0;5.0;56.48;40.89;550.7425;1657.0;78600.0;20.0;0.0;40.0;80.0;25.0;33.3;1.0;4000.0;336
336;0.6328;271.5104;84225.9284;0.1328;245.5346;4375617.7057;1.4131;15.9139;10585.0579;7.1368;492.0039;560.0458;852.4121;4.4706;0.0;0.0;0.0;0.0;0.0;0.0;0.0;32.2986;108.2258;94.2916;0.0;165.7612;117.8626;35.25;1124.0;1074.0;2.41;2.43;1.25;5.01;6.22;0.0;0.0;0.0;5.0;56.48;40.89;564.7377;1657.0;78600.0;20.0;0.0;40.0;80.0;25.0;33.3;1.0;4000.0;337
337;0.6003;197.7085;83506.4279;0.1187;174.1023;4093172.641;1.0379;16.1806;10716.1556;7.9708;479.3374;510.1965;771.3249;5.2174;0.0;0.0;0.0;0.0;0.0;0.0;0.0;31.3483;106.1831;95.1561;0.0;189.7078;113.1305;35.25;1124.0;1074.0;2.41;2.43;1.25;5.01;6.22;0.0;0.0;0.0;5.0;56.48;40.89;550.6974;1657.0;78600.0;20.0;0.0;40.0;80.0;25.0;33.3;1.0;4000.0;338
338;0.6401;225.7666;80733.9372;0.1643;201.7145;4081103.1166;1.3449;15.9483;10639.2583;7.0942;425.3681;568.7081;719.2593;6.7414;0.0;0.0;0.0;0.0;0.0;0.0;0.0;36.4422;106.7568;94.4413;0.0;160.7145;86.5862;35.25;1124.0;1074.0;2.41;2.43;1.25;5.01;6.22;0.0;0.0;0.0;5.0;56.48;40.89;567.2246;1657.0;78600.0;20.0;0.0;40.0;80.0;25.0;33.3;1.0;4000.0;339
339;0.5752;196.065;80222.6484;0.1071;172.3846;4058086.3947;1.0595;16.3269;10496.0978;7.9469;467.1991;548.3583;847.02;3.9514;0.0;0.0;0.0;0.0;0.0;0.0;0.0;39.16;93.0631;95.62;0.0;189.8039;93.1555;35.25;1124.0;1074.0;2.41;2.43;1.25;5.01;6.22;0.0;0.0;0.0;5.0;56.48;40.89;560.2957;1657.0;78600.0;20.0;0.0;40.0;80.0;25.0;33.3;1.0;4000.0;340
340;0.5712;211.6459;80289.2232;0.1254;189.3591;4014296.7255;1.3197;15.3968;11698.5014;7.2043;408.0156;578.2467;864.4308;4.7291;0.0;0.0;0.0;0.0;0.0;0.0;0.0;42.9218;98.3217;94.6913;0.0;184.3086;88.6558;35.25;1124.0;1074.0;2.41;2.43;1.25;5.01;6.22;0.0;0.0;0.0;5.0;56.48;40.89;559.3714;1657.0;78600.0;20.0;0.0;40.0;80.0;25.0;33.3;1.0;4000.0;341
341;0.6281;236.0413;81848.9719;0.1126;211.7881;3850623.9844;1.3555;15.7895;10055.2704;7.8138;443.8043;522.254;751.6686;3.2139;0.0;0.0;0.0;0.0;0.0;0.0;0.0;32.3595;95.0972;94.5875;0.0;189.4918;108.8118;35.25;1124.0;1074.0;2.41;2.43;1.25;5.01;6.22;0.0;0.0;0.0;5.0;56.48;40.89;566.1786;1657.0;78600.0;20.0;0.0;40.0;80.0;25.0;33.3;1.0;4000.0;342
342;0.627;209.6721;82656.5176;0.1532;187.1585;3927938.7301;1.2439;15.4303;11306.9156;7.1447;425.122;557.2892;749.153;6.8691;0.0;0.0;0.0;0.0;0.0;0.0;0.0;42.7685;93.9516;94.0879;0.0;179.1767;118.082;35.25;1124.0;1074.0;2.41;2.43;1.25;5.01;6.22;0.0;0.0;0.0;5.0;56.48;40.89;554.3845;1657.0;78600.0;20.0;0.0;40.0;80.0;25.0;33.3;1.0;4000.0;343
343;0.6051;217.6632;81244.4878;0.1042;192.6722;4053361.0446;1.089;15.9458;10171.5056;7.698;498.875;540.9955;766.9286;3.3867;0.0;0.0;0.0;0.0;0.0;0.0;0.0;40.0507;87.2363;93.8955;0.0;161.7935;111.528;35.25;1124.0;1074.0;2.41;2.43;1.25;5.01;6.22;0.0;0.0;0.0;5.0;56.48;40.89;563.5239;1657.0;78600.0;20.0;0.0;40.0;80.0;25.0;33.3;1.0;4000.0;344
344;0.5453;263.9293;81023.1447;0.1114;242.54;3993723.8035;1.5624;15.6822;11906.2372;7.0602;446.3352;567.4364;800.7804;3.252;0.0;0.0;0.0;0.0;0.0;0.0;0.0;45.4395;87.2736;95.7446;0.0;168.1236;108.4127;35.25;1124.0;1074.0;2.41;2.43;1.25;5.01;6.22;0.0;0.0;0.0;5.0;56.48;40.89;556.9869;1657.0;78600.0;20.0;0.0;40.0;80.0;25.0;33.3;1.0;4000.0;345
345;0.5975;241.8698;82095.5009;0.152;220.521;3933711.1139;1.5004;16.9545;10867.8406;7.1572;412.797;521.1053;831.9777;5.4509;0.0;0.0;0.0;0.0;0.0;0.0;0.0;43.9771;109.2643;93.5272;0.0;193.9404;96.0821;35.25;1124.0;1074.0;2.41;2.43;1.25;5.01;6.22;0.0;0.0;0.0;5.0;56.48;40.89;560.7552;1657.0;78600.0;20.0;0.0;40.0;80.0;25.0;33.3;1.0;4000.0;346
346;0.5144;226.8724;82523.1916;0.0949;205.0676;4289121.3552;1.201;16.7604;11736.3039;7.9876;478.186;574.0649;776.4248;3.0665;0.0;0.0;0.0;0.0;0.0;0.0;0.0;33.0774;103.2363;93.2582;0.0;167.9925;106.9868;35.25;1124.0;1074.0;2.41;2.43;1.25;5.01;6.22;0.0;0.0;0.0;5.0;56.48;40.89;558.194;1657.0;78600.0;20.0;0.0;40.0;80.0;25.0;33.3;1.0;4000.0;347
347;0.6012;215.4038;83146.9031;0.1366;190.7907;4404722.5178;1.1388;15.0548;11887.1328;7.9138;470.5757;599.9082;851.9829;6.5617;0.0;0.0;0.0;0.0;0.0;0.0;0.0;40.4672;104.2268;93.5328;0.0;179.841;111.2938;35.25;1124.0;1074.0;2.41;2.43;1.25;5.01;6.22;0.0;0.0;0.0;5.0;56.48;40.89;553.0852;1657.0;78600.0;20.0;0.0;40.0;80.0;25.0;33.3;1.0;4000.0;348
348;0.6226;212.3396;82855.3743;0.1264;189.395;3831226.6867;1.2925;15.5064;10768.2964;7.6644;412.3868;537.7756;736.6891;4.5615;0.0;0.0;0.0;0.0;0.0;0.0;0.0;44.9704;96.0801;93.7154;0.0;185.2033;117.2587;35.25;1124.0;1074.0;2.41;2.43;1.25;5.01;6.22;0.0;0.0;0.0;5.0;56.48;40.89;569.5002;1657.0;78600.0;20.0;0.0;40.0;80.0;25.0;33.3;1.0;4000.0;349
349;0.6457;198.4806;80583.2605;0.1406;173.762;3943469.5548;1.0879;15.4045;10356.3826;7.102;450.6288;550.1312;794.5524;6.3525;0.0;0.0;0.0;0.0;0.0;0.0;0.0;37.8703;89.5646;93.9501;0.0;179.5082;101.104;35.25;1124.0;1074.0;2.41;2.43;1.25;5.01;6.22;0.0;0.0;0.0;5.0;56.48;40.89;561.2593;1657.0;78600.0;20.0;0.0;40.0;80.0;25.0;33.3;1.0;4000.0;350
350;0.541;175.7188;79394.4679;0.0978;154.981;3714601.8182;1.0779;15.1969;11786.7884;7.1381;406.1527;529.0949;823.0656;3.5412;0.0;0.0;0.0;0.0;0.0;0.0;0.0;42.9659;88.5449;94.0662;0.0;185.4972;88.313;35.25;1124.0;1074.0;2.41;2.43;1.25;5.01;6.22;0.0;0.0;0.0;5.0;56.48;40.89;561.8582;1657.0;78600.0;20.0;0.0;40.0;80.0;25.0;33.3;1.0;4000.0;351
351;0.661;273.6847;82798.657;0.154;249.9067;3883373.7024;1.5327;15.9387;10246.6226;7.3863;455.8015;515.9762;700.6163;5.3132;0.0;0.0;0.0;0.0;0.0;0.0;0.0;37.047;95.6527;93.0892;0.0;171.8124;118.0108;35.25;1124.0;1074.0;2.41;2.43;1.25;5.01;6.22;0.0;0.0;0.0;5.0;56.48;40.89;555.6855;1657.0;78600.0;20.0;0.0;40.0;80.0;25.0;33.3;1.0;4000.0;352
352;0.5919;241.9615;80104.3618;0.1325;217.8224;4209490.0318;1.4343;15.8713;10987.4374;7.4333;436.158;586.6325;772.3144;4.6343;0.0;0.0;0.0;0.0;0.0;0.0;0.0;37.2015;106.9716;95.6369;0.0;161.2866;80.4733;35.25;1124.0;1074.0;2.41;2.43;1.25;5.01;6.22;0.0;0.0;0.0;5.0;56.48;40.89;553.5482;1657.0;78600.0;20.0;0.0;40.0;80.0;25.0;33.3;1.0;4000.0;353
353;0.6315;225.6756;81330.4189;0.1279;201.3038;3936044.1556;1.2886;15.9589;10119.7273;7.0873;437.7716;575.8867;716.6083;4.3846;0.0;0.0;0.0;0.0;0.0;0.0;0.0;34.7749;86.6636;93.3164;0.0;192.6111;113.1559;35.25;1124.0;1074.0;2.41;2.43;1.25;5.01;6.22;0.0;0.0;0.0;5.0;56.48;40.89;562.7125;1657.0;78600.0;20.0;0.0;40.0;80.0;25.0;33.3;1.0;4000.0;354
354;0.5983;202.5402;82490.8938;0.1223;178.5184;4162623.1953;1.0257;16.3924;10571.0797;7.7214;493.7465;539.0088;814.0398;5.4852;0.0;0.0;0.0;0.0;0.0;0.0;0.0;36.4568;97.1565;94.4682;0.0;192.0567;112.7544;35.25;1124.0;1074.0;2.41;2.43;1.25;5.01;6.22;0.0;0.0;0.0;5.0;56.48;40.89;550.1171;1657.0;78600.0;20.0;0.0;40.0;80.0;25.0;33.3;1.0;4000.0;355
355;0.5337;211.4487;80461.3502;0.1184;191.1995;3922909.1985;1.2894;16.7577;11560.7157;7.5477;425.8224;582.3616;890.8602;4.3717;0.0;0.0;0.0;0.0;0.0;0.0;0.0;37.2973;82.5241;95.6255;0.0;191.38;108.0876;35.25;1124.0;1074.0;2.41;2.43;1.25;5.01;6.22;0.0;0.0;0.0;5.0;56.48;40.89;557.7284;1657.0;78600.0;20.0;0.0;40.0;80.0;25.0;33.3;1.0;4000.0;356
356;0.6739;214.7875;83546.1885;0.1469;191.2012;3738884.1585;1.3371;15.6098;10155.1221;7.1172;400.2476;511.9706;713.4617;5.5097;0.0;0.0;0.0;0.0;0.0;0.0;0.0;42.4639;102.4427;93.2065;0.0;174.1345;117.0841;35.25;1124.0;1074.0;2.41;2.43;1.25;5.01;6.22;0.0;0.0;0.0;5.0;56.48;40.89;559.5835;1657.0;78600.0;20.0;0.0;40.0;80.0;25.0;33.3;1.0;4000.0;357
357;0.623;205.6972;79852.1479;0.118;182.3468;3692103.1785;1.2715;15.049;10506.8349;7.2367;401.5083;510.6587;741.7666;3.9075;0.0;0.0;0.0;0.0;0.0;0.0;0.0;34.0635;99.6139;93.2303;0.0;192.8807;83.6564;35.25;1124.0;1074.0;2.41;2.43;1.25;5.01;6.22;0.0;0.0;0.0;5.0;56.48;40.89;567.8042;1657.0;78600.0;20.0;0.0;40.0;80.0;25.0;33.3;1.0;4000.0;358
358;0.6812;195.2881;81559.0604;0.1568;170.9139;3790939.7599;1.2091;15.243;10203.4259;7.6062;407.0565;567.6015;732.7291;6.983;0.0;0.0;0.0;0.0;0.0;0.0;0.0;34.7092;85.8864;95.8923;0.0;163.9011;117.312;35.25;1124.0;1074.0;2.41;2.43;1.25;5.01;6.22;0.0;0.0;0.0;5.0;56.48;40.89;552.9885;1657.0;78600.0;20.0;0.0;40.0;80.0;25.0;33.3;1.0;4000.0;359
359;0.5695;224.4059;82481.7623;0.1393;203.8062;3949944.5152;1.3977;16.5779;11566.4797;7.298;413.1179;567.9585;877.1229;5.2739;0.0;0.0;0.0;0.0;0.0;0.0;0.0;38.3092;95.0261;94.3441;0.0;191.0771;115.0522;35.25;1124.0;1074.0;2.41;2.43;1.25;5.01;6.22;0.0;0.0;0.0;5.0;56.48;40.89;563.8138;1657.0;78600.0;20.0;0.0;40.0;80.0;25.0;33.3;1.0;4000.0;360
360;0.5248;244.2545;80686.0513;0.1053;223.4422;4003268.1047;1.45;16.471;11678.163;7.6525;443.2717;543.3824;832.2639;3.1113;0.0;0.0;0.0;0.0;0.0;0.0;0.0;48.8372;95.1742;95.7893;0.0;192.7375;95.126;35.25;1124.0;1074.0;2.41;2.43;1.25;5.01;6.22;0.0;0.0;0.0;5.0;56.48;40.89;562.128;1657.0;78600.0;20.0;0.0;40.0;80.0;25.0;33.3;1.0;4000.0;361
361;0.5368;262.6088;79865.2429;0.1158;240.7072;4155237.4447;1.5118;16.0479;11822.2884;7.2915;455.1047;565.4566;858.9101;3.6017;0.0;0.0;0.0;0.0;0.0;0.0;0.0;39.12;99.5167;95.1833;0.0;189.2289;83.5351;35.25;1124.0;1074.0;2.41;2.43;1.25;5.01;6.22;0.0;0.0;0.0;5.0;56.48;40.89;560.3153;1657.0;78600.0;20.0;0.0;40.0;80.0;25.0;33.3;1.0;4000.0;362
362;0.6575;238.6552;79908.9559;0.163;214.9443;3831599.0713;1.5156;15.3644;10517.6159;7.4538;407.6795;554.2517;730.9442;5.9681;0.0;0.0;0.0;0.0;0.0;0.0;0.0;31.7274;95.8068;95.7242;0.0;177.3175;87.9679;35.25;1124.0;1074.0;2.41;2.43;1.25;5.01;6.22;0.0;0.0;0.0;5.0;56.48;40.89;561.5943;1657.0;78600.0;20.0;0.0;40.0;80.0;25.0;33.3;1.0;4000.0;363
363;0.5381;265.8241;79224.8398;0.1297;245.4172;3958950.1985;1.5342;16.2529;11936.346;7.3226;456.6677;562.8455;805.4912;4.4022;0.0;0.0;0.0;0.0;0.0;0.0;0.0;47.3226;82.0816;95.0652;0.0;191.805;92.6611;35.25;1124.0;1074.0;2.41;2.43;1.25;5.01;6.22;0.0;0.0;0.0;5.0;56.48;40.89;557.3911;1657.0;78600.0;20.0;0.0;40.0;80.0;25.0;33.3;1.0;4000.0;364
364;0.5991;247.8289;79144.5906;0.1344;223.3579;4167462.5209;1.4014;15.1177;11265.071;7.034;456.5747;573.3586;892.3012;4.9147;0.0;0.0;0.0;0.0;0.0;0.0;0.0;47.9294;94.019;95.3931;0.0;170.4406;80.4287;35.25;1124.0;1074.0;2.41;2.43;1.25;5.01;6.22;0.0;0.0;0.0;5.0;56.48;40.89;550.575;1657.0;78600.0;20.0;0.0;40.0;80.0;25.0;33.3;1.0;4000.0;365
365;0.5777;192.2862;80839.4584;0.1369;171.9496;3729779.7787;1.1964;15.965;11487.7866;7.7748;409.9458;539.7294;719.5363;6.0903;0.0;0.0;0.0;0.0;0.0;0.0;0.0;43.9576;87.1591;94.983;0.0;164.8409;106.6282;35.25;1124.0;1074.0;2.41;2.43;1.25;5.01;6.22;0.0;0.0;0.0;5.0;56.48;40.89;556.6144;1657.0;78600.0;20.0;0.0;40.0;80.0;25.0;33.3;1.0;4000.0;366
366;0.5298;171.5961;81366.113;0.123;152.7381;3771999.7965;1.0033;16.8378;11879.2466;7.3076;434.4669;503.1529;768.2271;6.1041;0.0;0.0;0.0;0.0;0.0;0.0;0.0;41.5156;94.7909;95.0352;0.0;197.6846;103.1938;35.25;1124.0;1074.0;2.41;2.43;1.25;5.01;6.22;0.0;0.0;0.0;5.0;56.48;40.89;558.3381;1657.0;78600.0;20.0;0.0;40.0;80.0;25.0;33.3;1.0;4000.0;367
367;0.6368;253.6517;81665.4883;0.1568;230.925;3866320.0372;1.5738;15.1352;11240.1712;7.9677;414.7407;550.0783;769.27;5.6416;0.0;0.0;0.0;0.0;0.0;0.0;0.0;44.2323;93.5004;94.1238;0.0;161.9446;108.2665;35.25;1124.0;1074.0;2.41;2.43;1.25;5.01;6.22;0.0;0.0;0.0;5.0;56.48;40.89;568.5111;1657.0;78600.0;20.0;0.0;40.0;80.0;25.0;33.3;1.0;4000.0;368
368;0.5778;268.1591;79202.5105;0.1368;244.7971;4195926.113;1.4008;15.6657;11464.8698;7.5199;493.5702;570.0102;761.5654;5.1569;0.0;0.0;0.0;0.0;0.0;0.0;0.0;42.3943;90.586;94.0509;0.0;178.4391;84.383;35.25;1124.0;1074.0;2.41;2.43;1.25;5.01;6.22;0.0;0.0;0.0;5.0;56.48;40.89;556.0646;1657.0;78600.0;20.0;0.0;40.0;80.0;25.0;33.3;1.0;4000.0;369
369;0.6084;217.498;80432.8671;0.1531;195.7679;3838843.5945;1.3518;15.4295;11449.5076;7.6666;415.5561;580.6971;750.0032;6.3609;0.0;0.0;0.0;0.0;0.0;0.0;0.0;36.087;81.8486;95.5531;0.0;171.1629;109.1014;35.25;1124.0;1074.0;2.41;2.43;1.25;5.01;6.22;0.0;0.0;0.0;5.0;56.48;40.89;566.625;1657.0;78600.0;20.0;0.0;40.0;80.0;25.0;33.3;1.0;4000.0;370
370;0.5942;263.1328;80773.1249;0.1452;240.21;4123549.7979;1.543;15.0915;11919.8516;7.5954;435.2619;598.3114;786.7341;5.232;0.0;0.0;0.0;0.0;0.0;0.0;0.0;45.5733;92.482;93.1043;0.0;185.5524;99.2504;35.25;1124.0;1074.0;2.41;2.43;1.25;5.01;6.22;0.0;0.0;0.0;5.0;56.48;40.89;568.6375;1657.0;78600.0;20.0;0.0;40.0;80.0;25.0;33.3;1.0;4000.0;371
371;0.5356;223.6773;80359.3014;0.1017;201.7112;4068465.1297;1.1721;16.4307;11272.5414;7.7517;480.7233;543.8382;747.7116;3.4857;0.0;0.0;0.0;0.0;0.0;0.0;0.0;42.0483;92.4105;93.0195;0.0;163.7679;95.5287;35.25;1124.0;1074.0;2.41;2.43;1.25;5.01;6.22;0.0;0.0;0.0;5.0;56.48;40.89;555.4008;1657.0;78600.0;20.0;0.0;40.0;80.0;25.0;33.3;1.0;4000.0;372
372;0.5237;227.8768;80010.6005;0.121;209.2026;3710583.9878;1.3653;16.9324;11734.9733;7.9284;436.1232;521.3086;797.0167;4.3222;0.0;0.0;0.0;0.0;0.0;0.0;0.0;49.5905;80.0313;94.7795;0.0;168.6671;105.2092;35.25;1124.0;1074.0;2.41;2.43;1.25;5.01;6.22;0.0;0.0;0.0;5.0;56.48;40.89;568.5801;1657.0;78600.0;20.0;0.0;40.0;80.0;25.0;33.3;1.0;4000.0;373
373;0.6124;181.5918;79735.9062;0.1265;157.3059;3984928.4766;1.0873;15.9317;10299.2349;7.0551;411.2444;565.1798;788.8899;5.1138;0.0;0.0;0.0;0.0;0.0;0.0;0.0;39.4008;102.0515;94.6561;0.0;160.0208;80.6231;35.25;1124.0;1074.0;2.41;2.43;1.25;5.01;6.22;0.0;0.0;0.0;5.0;56.48;40.89;568.9649;1657.0;78600.0;20.0;0.0;40.0;80.0;25.0;33.3;1.0;4000.0;374
374;0.5288;219.0873;82491.2807;0.1101;197.8699;4179993.8409;1.1912;16.4758;11957.4115;7.3615;464.5501;529.1527;792.2979;4.1669;0.0;0.0;0.0;0.0;0.0;0.0;0.0;42.9945;109.3103;93.1283;0.0;178.527;99.9746;35.25;1124.0;1074.0;2.41;2.43;1.25;5.01;6.22;0.0;0.0;0.0;5.0;56.48;40.89;565.5807;1657.0;78600.0;20.0;0.0;40.0;80.0;25.0;33.3;1.0;4000.0;375
375;0.6119;231.6664;78959.6832;0.1254;207.6852;3892062.2421;1.2285;15.7194;10324.5799;7.9187;472.2189;519.131;826.0924;4.5758;0.0;0.0;0.0;0.0;0.0;0.0;0.0;48.5101;85.1449;93.0159;0.0;179.2686;86.3919;35.25;1124.0;1074.0;2.41;2.43;1.25;5.01;6.22;0.0;0.0;0.0;5.0;56.48;40.89;568.4973;1657.0;78600.0;20.0;0.0;40.0;80.0;25.0;33.3;1.0;4000.0;376
376;0.5857;233.1661;80791.6129;0.1742;214.4742;3670291.6703;1.5258;16.8482;11654.4805;7.1233;403.6374;509.9482;714.6407;6.8484;0.0;0.0;0.0;0.0;0.0;0.0;0.0;38.0984;96.3492;95.6221;0.0;188.0153;95.9955;35.25;1124.0;1074.0;2.41;2.43;1.25;5.01;6.22;0.0;0.0;0.0;5.0;56.48;40.89;562.5625;1657.0;78600.0;20.0;0.0;40.0;80.0;25.0;33.3;1.0;4000.0;377
377;0.5531;231.1189;80682.0194;0.1285;211.1116;3801899.7622;1.3235;16.2598;11686.871;7.6303;446.6384;525.3522;746.9559;4.9326;0.0;0.0;0.0;0.0;0.0;0.0;0.0;40.6525;87.0665;93.2421;0.0;198.7199;104.5509;35.25;1124.0;1074.0;2.41;2.43;1.25;5.01;6.22;0.0;0.0;0.0;5.0;56.48;40.89;564.363;1657.0;78600.0;20.0;0.0;40.0;80.0;25.0;33.3;1.0;4000.0;378
378;0.5848;204.3859;82371.0833;0.1365;181.4764;4209673.697;1.067;15.817;11617.428;7.1775;483.1419;531.4099;872.2358;6.6339;0.0;0.0;0.0;0.0;0.0;0.0;0.0;38.5577;104.3711;94.5939;0.0;166.4255;104.0365;35.25;1124.0;1074.0;2.41;2.43;1.25;5.01;6.22;0.0;0.0;0.0;5.0;56.48;40.89;569.9262;1657.0;78600.0;20.0;0.0;40.0;80.0;25.0;33.3;1.0;4000.0;379
379;0.5742;186.351;81960.5836;0.1407;166.0478;3838505.9099;1.1652;16.3728;11547.1326;7.365;400.6644;528.1363;709.041;6.4623;0.0;0.0;0.0;0.0;0.0;0.0;0.0;35.9737;108.277;93.6251;0.0;197.4753;96.2386;35.25;1124.0;1074.0;2.41;2.43;1.25;5.01;6.22;0.0;0.0;0.0;5.0;56.48;40.89;561.7699;1657.0;78600.0;20.0;0.0;40.0;80.0;25.0;33.3;1.0;4000.0;380
380;0.6108;196.1513;83522.281;0.0996;170.1011;4256392.8579;1.0905;15.1026;10818.7928;7.3921;437.9805;586.3505;841.6358;3.365;0.0;0.0;0.0;0.0;0.0;0.0;0.0;35.3548;109.7685;93.5013;0.0;180.35;109.4233;35.25;1124.0;1074.0;2.41;2.43;1.25;5.01;6.22;0.0;0.0;0.0;5.0;56.48;40.89;552.8249;1657.0;78600.0;20.0;0.0;40.0;80.0;25.0;33.3;1.0;4000.0;381
381;0.6115;244.8818;82689.1208;0.1359;221.5346;4058851.3474;1.4442;15.2197;11422.5076;7.873;437.5569;566.8962;839.2365;4.9059;0.0;0.0;0.0;0.0;0.0;0.0;0.0;43.7637;95.7375;94.9871;0.0;187.7482;115.9886;35.25;1124.0;1074.0;2.41;2.43;1.25;5.01;6.22;0.0;0.0;0.0;5.0;56.48;40.89;568.4433;1657.0;78600.0;20.0;0.0;40.0;80.0;25.0;33.3;1.0;4000.0;382
382;0.6141;199.1075;83637.7301;0.1405;176.6832;3960082.9798;1.2082;16.335;10811.0172;7.2273;413.6628;546.7524;751.2112;5.9984;0.0;0.0;0.0;0.0;0.0;0.0;0.0;41.9216;105.3528;94.1964;0.0;165.3206;114.895;35.25;1124.0;1074.0;2.41;2.43;1.25;5.01;6.22;0.0;0.0;0.0;5.0;56.48;40.89;551.6175;1657.0;78600.0;20.0;0.0;40.0;80.0;25.0;33.3;1.0;4000.0;383
383;0.6691;225.5737;83432.0327;0.1499;201.3993;3884518.2882;1.3311;15.334;10479.1297;7.2477;426.4538;513.1987;763.3629;5.8278;0.0;0.0;0.0;0.0;0.0;0.0;0.0;34.2518;106.3918;93.8575;0.0;160.761;112.375;35.25;1124.0;1074.0;2.41;2.43;1.25;5.01;6.22;0.0;0.0;0.0;5.0;56.48;40.89;568.5617;1657.0;78600.0;20.0;0.0;40.0;80.0;25.0;33.3;1.0;4000.0;384
384;0.6094;190.6836;83929.5854;0.1354;167.1271;4170806.2686;1.0446;16.2094;10923.0334;7.892;453.9838;534.0347;838.5373;6.6148;0.0;0.0;0.0;0.0;0.0;0.0;0.0;48.9039;108.2431;94.4904;0.0;187.6487;113.6933;35.25;1124.0;1074.0;2.41;2.43;1.25;5.01;6.22;0.0;0.0;0.0;5.0;56.48;40.89;558.3024;1657.0;78600.0;20.0;0.0;40.0;80.0;25.0;33.3;1.0;4000.0;385
385;0.5874;282.2231;80540.1267;0.1707;260.3526;4226816.7499;1.5094;16.4057;11780.3871;7.9254;486.4743;552.6616;884.4777;6.8516;0.0;0.0;0.0;0.0;0.0;0.0;0.0;49.2559;95.4411;93.9175;0.0;174.6887;93.6698;35.25;1124.0;1074.0;2.41;2.43;1.25;5.01;6.22;0.0;0.0;0.0;5.0;56.48;40.89;568.0555;1657.0;78600.0;20.0;0.0;40.0;80.0;25.0;33.3;1.0;4000.0;386
386;0.6893;254.2247;81180.0097;0.1696;227.2604;4211714.157;1.4806;15.4733;10094.5337;7.4382;435.5797;583.9384;841.0645;6.3052;0.0;0.0;0.0;0.0;0.0;0.0;0.0;32.0315;108.4991;94.4987;0.0;167.3465;89.4901;35.25;1124.0;1074.0;2.41;2.43;1.25;5.01;6.22;0.0;0.0;0.0;5.0;56.48;40.89;567.8633;1657.0;78600.0;20.0;0.0;40.0;80.0;25.0;33.3;1.0;4000.0;387
387;0.6129;225.8057;82266.2823;0.1357;203.4992;3845289.8889;1.351;15.1885;11349.6494;7.9375;421.6405;512.7285;707.3823;5.2789;0.0;0.0;0.0;0.0;0.0;0.0;0.0;42.27;103.9072;93.2136;0.0;179.7451;103.0378;35.25;1124.0;1074.0;2.41;2.43;1.25;5.01;6.22;0.0;0.0;0.0;5.0;56.48;40.89;558.2203;1657.0;78600.0;20.0;0.0;40.0;80.0;25.0;33.3;1.0;4000.0;388
388;0.5523;273.0077;80533.0719;0.12;251.1195;4077693.4534;1.5535;16.8641;11046.9337;7.8134;462.8902;579.1284;754.2962;3.5851;0.0;0.0;0.0;0.0;0.0;0.0;0.0;47.411;86.2365;95.3571;0.0;197.0016;103.2448;35.25;1124.0;1074.0;2.41;2.43;1.25;5.01;6.22;0.0;0.0;0.0;5.0;56.48;40.89;559.4108;1657.0;78600.0;20.0;0.0;40.0;80.0;25.0;33.3;1.0;4000.0;389
389;0.5688;292.3977;82771.9932;0.1214;270.2243;4102596.5086;1.5978;16.2287;11400.9828;7.9218;473.6812;550.6607;756.0948;3.6607;0.0;0.0;0.0;0.0;0.0;0.0;0.0;44.4163;94.4294;93.2671;0.0;181.0706;118.5467;35.25;1124.0;1074.0;2.41;2.43;1.25;5.01;6.22;0.0;0.0;0.0;5.0;56.48;40.89;560.9556;1657.0;78600.0;20.0;0.0;40.0;80.0;25.0;33.3;1.0;4000.0;390
390;0.5813;254.8681;81586.0451;0.1551;233.3759;4114650.6317;1.3678;16.6865;11473.2489;7.1557;487.0738;554.6868;788.31;6.3665;0.0;0.0;0.0;0.0;0.0;0.0;0.0;37.3229;91.3479;95.0617;0.0;194.1572;109.9115;35.25;1124.0;1074.0;2.41;2.43;1.25;5.01;6.22;0.0;0.0;0.0;5.0;56.48;40.89;562.9089;1657.0;78600.0;20.0;0.0;40.0;80.0;25.0;33.3;1.0;4000.0;391
391;0.6466;224.2537;84456.2086;0.1269;200.5512;3851584.1875;1.4066;15.081;10774.969;7.0149;405.6112;521.8293;748.6452;4.1505;0.0;0.0;0.0;0.0;0.0;0.0;0.0;38.997;107.8557;94.7326;0.0;187.0595;119.6823;35.25;1124.0;1074.0;2.41;2.43;1.25;5.01;6.22;0.0;0.0;0.0;5.0;56.48;40.89;567.9131;1657.0;78600.0;20.0;0.0;40.0;80.0;25.0;33.3;1.0;4000.0;392
392;0.6453;264.0403;82797.4821;0.1613;239.1799;4252986.3495;1.4464;15.7233;10880.3192;7.5423;466.8224;584.7653;832.8903;6.2727;0.0;0.0;0.0;0.0;0.0;0.0;0.0;41.2159;97.6934;94.0069;0.0;199.817;114.7678;35.25;1124.0;1074.0;2.41;2.43;1.25;5.01;6.22;0.0;0.0;0.0;5.0;56.48;40.89;562.1554;1657.0;78600.0;20.0;0.0;40.0;80.0;25.0;33.3;1.0;4000.0;393
393;0.586;240.7552;80832.4231;0.1157;215.2725;4379975.5141;1.2542;15.6044;11014.881;7.4768;493.029;589.9983;809.616;4.102;0.0;0.0;0.0;0.0;0.0;0.0;0.0;43.3854;97.8354;95.6522;0.0;189.3891;94.5236;35.25;1124.0;1074.0;2.41;2.43;1.25;5.01;6.22;0.0;0.0;0.0;5.0;56.48;40.89;557.8515;1657.0;78600.0;20.0;0.0;40.0;80.0;25.0;33.3;1.0;4000.0;394
394;0.6492;183.3035;80965.8578;0.1437;159.7511;3772583.3379;1.1035;15.284;10480.0903;7.0972;408.7646;560.8911;875.4157;6.5386;0.0;0.0;0.0;0.0;0.0;0.0;0.0;33.0708;83.5649;94.0256;0.0;196.8674;113.079;35.25;1124.0;1074.0;2.41;2.43;1.25;5.01;6.22;0.0;0.0;0.0;5.0;56.48;40.89;564.4561;1657.0;78600.0;20.0;0.0;40.0;80.0;25.0;33.3;1.0;4000.0;395
395;0.646;216.6808;82246.4426;0.1414;192.0886;4008406.3847;1.2847;15.5699;10468.5997;7.7653;420.7031;547.7875;735.833;5.5824;0.0;0.0;0.0;0.0;0.0;0.0;0.0;42.5623;106.9015;93.6958;0.0;199.2213;99.6363;35.25;1124.0;1074.0;2.41;2.43;1.25;5.01;6.22;0.0;0.0;0.0;5.0;56.48;40.89;560.6722;1657.0;78600.0;20.0;0.0;40.0;80.0;25.0;33.3;1.0;4000.0;396
396;0.5739;198.5212;79266.8882;0.1408;178.5098;3662568.8028;1.1254;16.7343;10937.0582;7.9307;456.1697;502.3418;780.8868;6.5763;0.0;0.0;0.0;0.0;0.0;0.0;0.0;34.4896;81.2628;95.7669;0.0;173.1665;95.6402;35.25;1124.0;1074.0;2.41;2.43;1.25;5.01;6.22;0.0;0.0;0.0;5.0;56.48;40.89;557.9675;1657.0;78600.0;20.0;0.0;40.0;80.0;25.0;33.3;1.0;4000.0;397
397;0.618;180.7755;79314.4098;0.1438;158.3417;3751979.6829;1.115;15.8396;10558.8158;7.4003;406.0367;551.804;803.7732;6.6055;0.0;0.0;0.0;0.0;0.0;0.0;0.0;35.8776;86.5371;95.2114;0.0;165.5523;90.3754;35.25;1124.0;1074.0;2.41;2.43;1.25;5.01;6.22;0.0;0.0;0.0;5.0;56.48;40.89;559.6675;1657.0;78600.0;20.0;0.0;40.0;80.0;25.0;33.3;1.0;4000.0;398
398;0.574;214.5338;82001.548;0.1313;193.6261;3872933.6409;1.2523;15.457;11984.1765;7.7854;438.3681;524.5221;795.3024;5.5379;0.0;0.0;0.0;0.0;0.0;0.0;0.0;34.9841;96.5915;94.4121;0.0;192.4733;108.4589;35.25;1124.0;1074.0;2.41;2.43;1.25;5.01;6.22;0.0;0.0;0.0;5.0;56.48;40.89;563.6445;1657.0;78600.0;20.0;0.0;40.0;80.0;25.0;33.3;1.0;4000.0;399
399;0.5919;298.1703;82543.2306;0.1312;276.0597;3961726.3283;1.5961;15.9417;11239.5581;7.4313;484.7305;510.0896;712.6889;4.0945;0.0;0.0;0.0;0.0;0.0;0.0;0.0;47.6274;92.2804;93.3258;0.0;162.129;118.9674;35.25;1124.0;1074.0;2.41;2.43;1.25;5.01;6.22;0.0;0.0;0.0;5.0;56.48;40.89;565.9701;1657.0;78600.0;20.0;0.0;40.0;80.0;25.0;33.3;1.0;4000.0;400
