;C3;C5;CF;C_batt;C_battSet;C_fc;C_fcSet;C_fuel;C_main;C_msrp;D;E_batt;E_battEmptyPHEV;E_battSet;Em_elBatt;Em_elFC;Em_elVC;FE;L;P_batt;P_battSet;P_fc;P_fcSet;X1;X10;X11;X12;X13;X14;X2;X3;X4;X5;X6;X7;X8;X9;c_main_bev;c_main_fcev;c_main_icev;c_main_phev;cd;cd_phev;m_curb;r;s_ren;w_h2;w_synth;Vehicle;fe_phev_cd;fe_phev_cs;c_phev_el;c_phev_synth
0;86.2791;0.0;1.0;133.0697;150.0;0.0;0.0;0.2762;558.6555;36900.0;13689.9273;40.7855;0.0;40.0;728.468;472.6132;610.7;19.8926;9.1894;0.0;0.0;0.0;0.0;35.25;24.5;250.0;0.0;0.0;0.0;1140.0;1141.0;2.4;2.41;0.0;0.0;0.0;7.52;558.6555;568.0502;770.1861;676.3114;0.0;79.9008;1499.0;1.3193;4000.0;1.0;1.0;BEV;0.0;0.0;0.0;0.0
1;82.2122;0.0;1.0;129.2358;150.0;0.0;0.0;0.2855;567.4552;36900.0;13298.1724;42.9616;0.0;40.0;745.0559;459.4031;610.7908;20.6485;9.3411;0.0;0.0;0.0;0.0;35.25;24.5;250.0;0.0;0.0;0.0;1140.0;1141.0;2.4;2.41;0.0;0.0;0.0;7.52;567.4552;563.7417;788.3495;675.239;0.0;50.9332;1499.0;1.3449;4000.0;1.0;1.0;BEV;0.0;0.0;0.0;0.0
2;88.5888;0.0;1.0;172.8747;150.0;0.0;0.0;0.2871;569.2231;36900.0;14849.8841;39.852;0.0;40.0;787.811;450.7735;613.4905;21.0159;9.8943;0.0;0.0;0.0;0.0;35.25;24.5;250.0;0.0;0.0;0.0;1140.0;1141.0;2.4;2.41;0.0;0.0;0.0;7.52;569.2231;558.2678;782.0322;676.4122;0.0;57.3443;1499.0;1.8395;4000.0;1.0;1.0;BEV;0.0;0.0;0.0;0.0
3;82.3951;0.0;1.0;128.272;150.0;0.0;0.0;0.2742;559.2139;36900.0;14015.7778;46.3753;0.0;40.0;786.9977;488.0644;589.8338;17.3864;9.4621;0.0;0.0;0.0;0.0;35.25;24.5;250.0;0.0;0.0;0.0;1140.0;1141.0;2.4;2.41;0.0;0.0;0.0;7.52;559.2139;562.3648;782.3973;677.2426;0.0;67.8244;1499.0;1.6024;4000.0;1.0;1.0;BEV;0.0;0.0;0.0;0.0
4;83.852;0.0;1.0;154.0128;150.0;0.0;0.0;0.2846;570.3702;36900.0;12273.7094;41.4071;0.0;40.0;795.5441;493.1682;616.842;18.109;9.5546;0.0;0.0;0.0;0.0;35.25;24.5;250.0;0.0;0.0;0.0;1140.0;1141.0;2.4;2.41;0.0;0.0;0.0;7.52;570.3702;565.9058;787.2936;675.5284;0.0;70.4641;1499.0;1.6712;4000.0;1.0;1.0;BEV;0.0;0.0;0.0;0.0
5;83.2685;0.0;1.0;164.3802;150.0;0.0;0.0;0.2628;567.0322;36900.0;17998.7687;45.085;0.0;40.0;774.2254;496.661;590.6291;20.6338;9.4503;0.0;0.0;0.0;0.0;35.25;24.5;250.0;0.0;0.0;0.0;1140.0;1141.0;2.4;2.41;0.0;0.0;0.0;7.52;567.0322;553.2063;785.6243;678.5636;0.0;77.7375;1499.0;1.8878;4000.0;1.0;1.0;BEV;0.0;0.0;0.0;0.0
6;82.909;0.0;1.0;165.1904;150.0;0.0;0.0;0.2716;556.3508;36900.0;13638.1961;41.7592;0.0;40.0;798.017;454.5488;582.2096;19.8132;9.7643;0.0;0.0;0.0;0.0;35.25;24.5;250.0;0.0;0.0;0.0;1140.0;1141.0;2.4;2.41;0.0;0.0;0.0;7.52;556.3508;558.4108;783.2603;669.9324;0.0;53.4006;1499.0;1.6797;4000.0;1.0;1.0;BEV;0.0;0.0;0.0;0.0
7;86.2546;0.0;1.0;163.2398;150.0;0.0;0.0;0.2806;550.4591;36900.0;16124.9145;48.2893;0.0;40.0;767.879;466.9205;609.5518;19.033;9.6997;0.0;0.0;0.0;0.0;35.25;24.5;250.0;0.0;0.0;0.0;1140.0;1141.0;2.4;2.41;0.0;0.0;0.0;7.52;550.4591;565.6679;782.1586;661.1207;0.0;57.566;1499.0;1.7784;4000.0;1.0;1.0;BEV;0.0;0.0;0.0;0.0
8;86.6303;0.0;1.0;136.3551;150.0;0.0;0.0;0.2708;564.111;36900.0;15901.5597;40.4826;0.0;40.0;756.3143;466.6845;605.2411;19.1494;9.3719;0.0;0.0;0.0;0.0;35.25;24.5;250.0;0.0;0.0;0.0;1140.0;1141.0;2.4;2.41;0.0;0.0;0.0;7.52;564.111;555.8289;778.841;671.7239;0.0;76.5266;1499.0;1.8292;4000.0;1.0;1.0;BEV;0.0;0.0;0.0;0.0
9;87.0685;0.0;1.0;171.237;150.0;0.0;0.0;0.2686;563.5141;36900.0;13245.4307;48.3232;0.0;40.0;785.4411;465.8145;576.3582;20.0149;9.703;0.0;0.0;0.0;0.0;35.25;24.5;250.0;0.0;0.0;0.0;1140.0;1141.0;2.4;2.41;0.0;0.0;0.0;7.52;563.5141;556.574;787.7005;675.3165;0.0;71.0924;1499.0;1.8014;4000.0;1.0;1.0;BEV;0.0;0.0;0.0;0.0
10;85.3954;0.0;1.0;157.1659;150.0;0.0;0.0;0.2726;569.9307;36900.0;12169.1646;44.2991;0.0;40.0;777.2871;473.3114;612.4085;18.4507;9.9721;0.0;0.0;0.0;0.0;35.25;24.5;250.0;0.0;0.0;0.0;1140.0;1141.0;2.4;2.41;0.0;0.0;0.0;7.52;569.9307;563.5258;778.2345;669.4587;0.0;73.5255;1499.0;1.5177;4000.0;1.0;1.0;BEV;0.0;0.0;0.0;0.0
11;89.6575;0.0;1.0;145.9086;150.0;0.0;0.0;0.2869;563.9975;36900.0;17114.3015;45.9028;0.0;40.0;756.9197;455.644;587.1714;19.3382;9.7294;0.0;0.0;0.0;0.0;35.25;24.5;250.0;0.0;0.0;0.0;1140.0;1141.0;2.4;2.41;0.0;0.0;0.0;7.52;563.9975;561.9154;771.7487;665.056;0.0;76.3919;1499.0;1.6596;4000.0;1.0;1.0;BEV;0.0;0.0;0.0;0.0
12;82.1088;0.0;1.0;127.3015;150.0;0.0;0.0;0.2656;564.4245;36900.0;15863.5873;48.3567;0.0;40.0;799.1738;495.2365;614.7255;20.1675;9.4008;0.0;0.0;0.0;0.0;35.25;24.5;250.0;0.0;0.0;0.0;1140.0;1141.0;2.4;2.41;0.0;0.0;0.0;7.52;564.4245;562.4864;774.1456;664.3128;0.0;57.4913;1499.0;1.6261;4000.0;1.0;1.0;BEV;0.0;0.0;0.0;0.0
13;86.1373;0.0;1.0;145.4501;150.0;0.0;0.0;0.2866;554.1124;36900.0;12920.9232;46.9848;0.0;40.0;768.9431;460.9853;622.5712;19.4809;9.0185;0.0;0.0;0.0;0.0;35.25;24.5;250.0;0.0;0.0;0.0;1140.0;1141.0;2.4;2.41;0.0;0.0;0.0;7.52;554.1124;551.0666;786.9751;666.2607;0.0;78.5366;1499.0;1.7024;4000.0;1.0;1.0;BEV;0.0;0.0;0.0;0.0
14;86.1629;0.0;1.0;151.7341;150.0;0.0;0.0;0.2721;570.0408;36900.0;14699.4345;43.6924;0.0;40.0;756.8296;482.5341;575.4125;17.4055;9.5213;0.0;0.0;0.0;0.0;35.25;24.5;250.0;0.0;0.0;0.0;1140.0;1141.0;2.4;2.41;0.0;0.0;0.0;7.52;570.0408;567.0527;775.38;663.1703;0.0;63.9565;1499.0;1.7418;4000.0;1.0;1.0;BEV;0.0;0.0;0.0;0.0
15;84.4094;0.0;1.0;164.82;150.0;0.0;0.0;0.2797;556.9091;36900.0;16753.8182;44.9587;0.0;40.0;729.7801;472.8438;578.0028;20.9031;9.9117;0.0;0.0;0.0;0.0;35.25;24.5;250.0;0.0;0.0;0.0;1140.0;1141.0;2.4;2.41;0.0;0.0;0.0;7.52;556.9091;561.3429;783.3165;665.2358;0.0;73.3293;1499.0;1.8561;4000.0;1.0;1.0;BEV;0.0;0.0;0.0;0.0
16;81.7409;0.0;1.0;130.5395;150.0;0.0;0.0;0.2821;552.8203;36900.0;15088.8868;41.4988;0.0;40.0;772.4945;457.2328;602.9356;20.7918;9.5787;0.0;0.0;0.0;0.0;35.25;24.5;250.0;0.0;0.0;0.0;1140.0;1141.0;2.4;2.41;0.0;0.0;0.0;7.52;552.8203;559.1622;773.6183;673.7327;0.0;64.5147;1499.0;1.5221;4000.0;1.0;1.0;BEV;0.0;0.0;0.0;0.0
17;85.9824;0.0;1.0;135.4164;150.0;0.0;0.0;0.2832;553.8355;36900.0;13046.2553;41.3886;0.0;40.0;746.222;492.626;577.3891;17.6212;9.4599;0.0;0.0;0.0;0.0;35.25;24.5;250.0;0.0;0.0;0.0;1140.0;1141.0;2.4;2.41;0.0;0.0;0.0;7.52;553.8355;561.5668;780.3136;674.0709;0.0;58.0533;1499.0;1.323;4000.0;1.0;1.0;BEV;0.0;0.0;0.0;0.0
18;88.9063;0.0;1.0;142.914;150.0;0.0;0.0;0.2899;566.3408;36900.0;15972.6431;46.5199;0.0;40.0;737.2277;481.3141;622.1072;17.7698;9.7054;0.0;0.0;0.0;0.0;35.25;24.5;250.0;0.0;0.0;0.0;1140.0;1141.0;2.4;2.41;0.0;0.0;0.0;7.52;566.3408;564.7353;779.177;660.1984;0.0;79.7966;1499.0;1.3819;4000.0;1.0;1.0;BEV;0.0;0.0;0.0;0.0
19;87.4281;0.0;1.0;136.8415;150.0;0.0;0.0;0.2805;569.0501;36900.0;12641.8388;42.7946;0.0;40.0;782.792;473.5481;610.304;19.7311;9.3898;0.0;0.0;0.0;0.0;35.25;24.5;250.0;0.0;0.0;0.0;1140.0;1141.0;2.4;2.41;0.0;0.0;0.0;7.52;569.0501;555.6065;784.5952;671.3116;0.0;56.9916;1499.0;1.864;4000.0;1.0;1.0;BEV;0.0;0.0;0.0;0.0
20;89.4364;0.0;1.0;157.7077;150.0;0.0;0.0;0.2626;555.351;36900.0;15754.1612;43.8407;0.0;40.0;765.7858;489.6475;598.2162;17.6412;9.4419;0.0;0.0;0.0;0.0;35.25;24.5;250.0;0.0;0.0;0.0;1140.0;1141.0;2.4;2.41;0.0;0.0;0.0;7.52;555.351;555.1407;783.5046;677.7714;0.0;66.8631;1499.0;1.5355;4000.0;1.0;1.0;BEV;0.0;0.0;0.0;0.0
21;84.5211;0.0;1.0;152.5778;150.0;0.0;0.0;0.2695;563.8844;36900.0;12863.6404;41.0243;0.0;40.0;726.4052;480.2533;617.4685;17.6528;9.2866;0.0;0.0;0.0;0.0;35.25;24.5;250.0;0.0;0.0;0.0;1140.0;1141.0;2.4;2.41;0.0;0.0;0.0;7.52;563.8844;566.7062;785.2382;677.5246;0.0;62.1787;1499.0;1.7113;4000.0;1.0;1.0;BEV;0.0;0.0;0.0;0.0
22;84.2922;0.0;1.0;137.0869;150.0;0.0;0.0;0.2634;553.9559;36900.0;14108.5227;46.5052;0.0;40.0;794.3135;498.8803;587.8772;20.317;9.6252;0.0;0.0;0.0;0.0;35.25;24.5;250.0;0.0;0.0;0.0;1140.0;1141.0;2.4;2.41;0.0;0.0;0.0;7.52;553.9559;562.5252;776.1133;661.2701;0.0;66.4718;1499.0;1.3778;4000.0;1.0;1.0;BEV;0.0;0.0;0.0;0.0
23;86.8435;0.0;1.0;161.5319;150.0;0.0;0.0;0.2643;570.9462;36900.0;13806.8335;43.7744;0.0;40.0;725.7726;486.3801;615.7644;21.0922;9.9257;0.0;0.0;0.0;0.0;35.25;24.5;250.0;0.0;0.0;0.0;1140.0;1141.0;2.4;2.41;0.0;0.0;0.0;7.52;570.9462;568.3426;770.4279;667.6314;0.0;53.5381;1499.0;1.682;4000.0;1.0;1.0;BEV;0.0;0.0;0.0;0.0
24;81.4989;0.0;1.0;159.8522;150.0;0.0;0.0;0.2769;565.0679;36900.0;15133.1537;41.7277;0.0;40.0;784.8051;497.0285;602.027;18.5733;9.8957;0.0;0.0;0.0;0.0;35.25;24.5;250.0;0.0;0.0;0.0;1140.0;1141.0;2.4;2.41;0.0;0.0;0.0;7.52;565.0679;550.4686;776.2262;674.5935;0.0;50.288;1499.0;1.4646;4000.0;1.0;1.0;BEV;0.0;0.0;0.0;0.0
25;86.7422;0.0;1.0;143.8065;150.0;0.0;0.0;0.2631;566.571;36900.0;13579.7385;41.8193;0.0;40.0;781.5507;453.8328;614.9988;17.5993;9.6348;0.0;0.0;0.0;0.0;35.25;24.5;250.0;0.0;0.0;0.0;1140.0;1141.0;2.4;2.41;0.0;0.0;0.0;7.52;566.571;556.8798;782.9813;665.3962;0.0;70.8174;1499.0;1.717;4000.0;1.0;1.0;BEV;0.0;0.0;0.0;0.0
26;87.9038;0.0;1.0;169.7558;150.0;0.0;0.0;0.2724;552.0603;36900.0;17573.9207;48.1503;0.0;40.0;734.4063;482.8319;581.0933;17.9201;9.9697;0.0;0.0;0.0;0.0;35.25;24.5;250.0;0.0;0.0;0.0;1140.0;1141.0;2.4;2.41;0.0;0.0;0.0;7.52;552.0603;566.1187;771.931;671.003;0.0;62.3065;1499.0;1.6204;4000.0;1.0;1.0;BEV;0.0;0.0;0.0;0.0
27;88.0904;0.0;1.0;149.0955;150.0;0.0;0.0;0.272;565.3871;36900.0;12743.3994;40.4657;0.0;40.0;770.1726;456.7299;586.307;18.7655;9.6243;0.0;0.0;0.0;0.0;35.25;24.5;250.0;0.0;0.0;0.0;1140.0;1141.0;2.4;2.41;0.0;0.0;0.0;7.52;565.3871;568.8619;788.8985;678.0645;0.0;52.4461;1499.0;1.3956;4000.0;1.0;1.0;BEV;0.0;0.0;0.0;0.0
28;83.7711;0.0;1.0;147.0456;150.0;0.0;0.0;0.2837;558.1084;36900.0;13328.6584;47.9067;0.0;40.0;771.5156;482.4825;582.8656;20.4448;9.0698;0.0;0.0;0.0;0.0;35.25;24.5;250.0;0.0;0.0;0.0;1140.0;1141.0;2.4;2.41;0.0;0.0;0.0;7.52;558.1084;550.7075;777.0146;664.9329;0.0;70.9256;1499.0;1.7715;4000.0;1.0;1.0;BEV;0.0;0.0;0.0;0.0
29;84.1812;0.0;1.0;169.9674;150.0;0.0;0.0;0.2793;556.6497;36900.0;14173.657;40.9472;0.0;40.0;752.7136;473.8575;584.6391;18.5923;9.4838;0.0;0.0;0.0;0.0;35.25;24.5;250.0;0.0;0.0;0.0;1140.0;1141.0;2.4;2.41;0.0;0.0;0.0;7.52;556.6497;567.2576;781.5923;665.6504;0.0;76.0879;1499.0;1.4542;4000.0;1.0;1.0;BEV;0.0;0.0;0.0;0.0
30;83.0627;0.0;1.0;128.0698;150.0;0.0;0.0;0.277;561.8348;36900.0;13077.7409;45.9939;0.0;40.0;742.6621;489.8673;618.7835;17.3249;9.5664;0.0;0.0;0.0;0.0;35.25;24.5;250.0;0.0;0.0;0.0;1140.0;1141.0;2.4;2.41;0.0;0.0;0.0;7.52;561.8348;556.7526;782.219;668.1972;0.0;60.8926;1499.0;1.623;4000.0;1.0;1.0;BEV;0.0;0.0;0.0;0.0
31;89.5884;0.0;1.0;152.0208;150.0;0.0;0.0;0.2694;551.2531;36900.0;15998.4057;45.9576;0.0;40.0;797.1342;478.0071;612.8789;18.8085;9.6646;0.0;0.0;0.0;0.0;35.25;24.5;250.0;0.0;0.0;0.0;1140.0;1141.0;2.4;2.41;0.0;0.0;0.0;7.52;551.2531;554.0486;770.315;677.8231;0.0;58.6642;1499.0;1.4976;4000.0;1.0;1.0;BEV;0.0;0.0;0.0;0.0
32;84.4446;0.0;1.0;166.4703;150.0;0.0;0.0;0.2674;564.2503;36900.0;13150.6635;45.7852;0.0;40.0;751.0469;475.0225;595.4096;18.6767;9.6018;0.0;0.0;0.0;0.0;35.25;24.5;250.0;0.0;0.0;0.0;1140.0;1141.0;2.4;2.41;0.0;0.0;0.0;7.52;564.2503;555.9364;779.7649;676.6503;0.0;55.9651;1499.0;1.6076;4000.0;1.0;1.0;BEV;0.0;0.0;0.0;0.0
33;82.6905;0.0;1.0;150.8646;150.0;0.0;0.0;0.2747;568.2224;36900.0;16022.0464;42.1668;0.0;40.0;762.761;474.4327;590.038;18.653;9.7593;0.0;0.0;0.0;0.0;35.25;24.5;250.0;0.0;0.0;0.0;1140.0;1141.0;2.4;2.41;0.0;0.0;0.0;7.52;568.2224;556.3058;778.9748;661.3413;0.0;77.4004;1499.0;1.5677;4000.0;1.0;1.0;BEV;0.0;0.0;0.0;0.0
34;86.7565;0.0;1.0;162.2819;150.0;0.0;0.0;0.2617;555.3961;36900.0;17705.3775;41.2005;0.0;40.0;792.0232;497.6226;611.8234;18.0218;9.689;0.0;0.0;0.0;0.0;35.25;24.5;250.0;0.0;0.0;0.0;1140.0;1141.0;2.4;2.41;0.0;0.0;0.0;7.52;555.3961;553.0282;780.083;674.1193;0.0;63.8029;1499.0;1.846;4000.0;1.0;1.0;BEV;0.0;0.0;0.0;0.0
35;89.0474;0.0;1.0;141.4523;150.0;0.0;0.0;0.2608;551.0098;36900.0;16518.7317;41.2922;0.0;40.0;755.1188;480.5887;596.5115;20.5634;9.1589;0.0;0.0;0.0;0.0;35.25;24.5;250.0;0.0;0.0;0.0;1140.0;1141.0;2.4;2.41;0.0;0.0;0.0;7.52;551.0098;567.9272;773.9198;666.8074;0.0;72.1353;1499.0;1.5084;4000.0;1.0;1.0;BEV;0.0;0.0;0.0;0.0
36;83.6373;0.0;1.0;138.6938;150.0;0.0;0.0;0.2855;556.4831;36900.0;14614.6227;43.603;0.0;40.0;779.219;471.5661;605.5803;18.547;9.6813;0.0;0.0;0.0;0.0;35.25;24.5;250.0;0.0;0.0;0.0;1140.0;1141.0;2.4;2.41;0.0;0.0;0.0;7.52;556.4831;569.8121;789.1938;679.8505;0.0;56.3213;1499.0;1.3256;4000.0;1.0;1.0;BEV;0.0;0.0;0.0;0.0
37;88.6638;0.0;1.0;127.6654;150.0;0.0;0.0;0.283;560.9598;36900.0;16390.8393;46.6308;0.0;40.0;749.4797;498.6947;600.6708;20.726;9.8301;0.0;0.0;0.0;0.0;35.25;24.5;250.0;0.0;0.0;0.0;1140.0;1141.0;2.4;2.41;0.0;0.0;0.0;7.52;560.9598;552.4111;781.0556;677.066;0.0;69.8984;1499.0;1.5762;4000.0;1.0;1.0;BEV;0.0;0.0;0.0;0.0
38;84.2363;0.0;1.0;173.0914;150.0;0.0;0.0;0.2782;557.1737;36900.0;14924.2983;44.2034;0.0;40.0;776.1518;457.624;575.006;19.4425;9.9769;0.0;0.0;0.0;0.0;35.25;24.5;250.0;0.0;0.0;0.0;1140.0;1141.0;2.4;2.41;0.0;0.0;0.0;7.52;557.1737;563.2868;781.4169;660.7618;0.0;50.6071;1499.0;1.6097;4000.0;1.0;1.0;BEV;0.0;0.0;0.0;0.0
39;87.2191;0.0;1.0;167.9985;150.0;0.0;0.0;0.2714;568.6029;36900.0;16212.3043;44.9702;0.0;40.0;773.8124;454.4646;592.5133;20.7605;9.0986;0.0;0.0;0.0;0.0;35.25;24.5;250.0;0.0;0.0;0.0;1140.0;1141.0;2.4;2.41;0.0;0.0;0.0;7.52;568.6029;567.7091;789.2776;673.9046;0.0;69.7538;1499.0;1.5666;4000.0;1.0;1.0;BEV;0.0;0.0;0.0;0.0
40;86.2046;0.0;1.0;175.3735;150.0;0.0;0.0;0.2817;552.4008;36900.0;14755.3185;46.2094;0.0;40.0;726.5702;496.4074;608.4978;19.741;9.1376;0.0;0.0;0.0;0.0;35.25;24.5;250.0;0.0;0.0;0.0;1140.0;1141.0;2.4;2.41;0.0;0.0;0.0;7.52;552.4008;553.8539;779.4483;676.8759;0.0;64.1617;1499.0;1.6625;4000.0;1.0;1.0;BEV;0.0;0.0;0.0;0.0
41;85.0095;0.0;1.0;156.6416;150.0;0.0;0.0;0.2684;563.1718;36900.0;15112.6746;41.9348;0.0;40.0;795.1221;469.6068;621.5116;19.5917;9.2412;0.0;0.0;0.0;0.0;35.25;24.5;250.0;0.0;0.0;0.0;1140.0;1141.0;2.4;2.41;0.0;0.0;0.0;7.52;563.1718;564.5689;782.5708;670.9321;0.0;76.5741;1499.0;1.8213;4000.0;1.0;1.0;BEV;0.0;0.0;0.0;0.0
42;83.9482;0.0;1.0;144.0228;150.0;0.0;0.0;0.2895;570.2214;36900.0;17465.3306;48.2488;0.0;40.0;779.9184;451.7687;611.7174;20.8464;9.2113;0.0;0.0;0.0;0.0;35.25;24.5;250.0;0.0;0.0;0.0;1140.0;1141.0;2.4;2.41;0.0;0.0;0.0;7.52;570.2214;550.886;789.9026;675.0478;0.0;78.0236;1499.0;1.6296;4000.0;1.0;1.0;BEV;0.0;0.0;0.0;0.0
43;83.9232;0.0;1.0;134.7691;150.0;0.0;0.0;0.2735;558.4076;36900.0;15786.9156;47.6973;0.0;40.0;778.6963;496.986;607.7233;21.0608;9.8161;0.0;0.0;0.0;0.0;35.25;24.5;250.0;0.0;0.0;0.0;1140.0;1141.0;2.4;2.41;0.0;0.0;0.0;7.52;558.4076;563.8615;785.9987;677.649;0.0;72.2823;1499.0;1.5587;4000.0;1.0;1.0;BEV;0.0;0.0;0.0;0.0
44;87.1915;0.0;1.0;131.9118;150.0;0.0;0.0;0.2827;552.6588;36900.0;14901.544;41.1271;0.0;40.0;741.7442;462.822;607.8999;20.0365;9.338;0.0;0.0;0.0;0.0;35.25;24.5;250.0;0.0;0.0;0.0;1140.0;1141.0;2.4;2.41;0.0;0.0;0.0;7.52;552.6588;563.3998;771.8834;662.5006;0.0;54.814;1499.0;1.373;4000.0;1.0;1.0;BEV;0.0;0.0;0.0;0.0
45;85.8677;0.0;1.0;144.2978;150.0;0.0;0.0;0.2767;556.2662;36900.0;17372.57;43.0377;0.0;40.0;775.4097;454.8086;624.955;19.2051;9.745;0.0;0.0;0.0;0.0;35.25;24.5;250.0;0.0;0.0;0.0;1140.0;1141.0;2.4;2.41;0.0;0.0;0.0;7.52;556.2662;554.9891;783.4602;665.8763;0.0;74.581;1499.0;1.4428;4000.0;1.0;1.0;BEV;0.0;0.0;0.0;0.0
46;83.3397;0.0;1.0;148.5118;150.0;0.0;0.0;0.2638;568.5603;36900.0;12128.2424;48.2169;0.0;40.0;735.9009;492.8411;601.6367;17.8337;9.4984;0.0;0.0;0.0;0.0;35.25;24.5;250.0;0.0;0.0;0.0;1140.0;1141.0;2.4;2.41;0.0;0.0;0.0;7.52;568.5603;569.1228;770.051;677.979;0.0;53.171;1499.0;1.7993;4000.0;1.0;1.0;BEV;0.0;0.0;0.0;0.0
47;81.3182;0.0;1.0;160.9717;150.0;0.0;0.0;0.281;569.1753;36900.0;14299.4381;47.0213;0.0;40.0;777.1579;492.1406;586.0168;20.8857;9.9568;0.0;0.0;0.0;0.0;35.25;24.5;250.0;0.0;0.0;0.0;1140.0;1141.0;2.4;2.41;0.0;0.0;0.0;7.52;569.1753;557.5874;782.6868;678.4417;0.0;54.6993;1499.0;1.5904;4000.0;1.0;1.0;BEV;0.0;0.0;0.0;0.0
48;86.4806;0.0;1.0;156.1724;150.0;0.0;0.0;0.2842;553.7395;36900.0;17368.2546;43.9958;0.0;40.0;736.7576;467.9678;594.0489;17.7052;9.5729;0.0;0.0;0.0;0.0;35.25;24.5;250.0;0.0;0.0;0.0;1140.0;1141.0;2.4;2.41;0.0;0.0;0.0;7.52;553.7395;567.4114;788.9668;672.5295;0.0;56.8955;1499.0;1.5633;4000.0;1.0;1.0;BEV;0.0;0.0;0.0;0.0
49;88.7041;0.0;1.0;158.059;150.0;0.0;0.0;0.2755;560.4;36900.0;17521.4271;46.4247;0.0;40.0;782.6105;480.9615;597.2958;20.5377;9.2907;0.0;0.0;0.0;0.0;35.25;24.5;250.0;0.0;0.0;0.0;1140.0;1141.0;2.4;2.41;0.0;0.0;0.0;7.52;560.4;551.7597;773.2079;678.9629;0.0;54.3746;1499.0;1.4288;4000.0;1.0;1.0;BEV;0.0;0.0;0.0;0.0
50;59.9378;0.0;25.0;133.0697;180.0;219.6815;80.0;9.3418;568.0502;78600.0;13689.9273;0.0;0.0;0.0;728.468;472.6132;610.7;1.0361;9.1894;39.9539;40.0;118.7282;40.0;35.25;0.0;0.0;5.0;56.48;40.89;1124.0;1074.0;2.41;2.43;1.25;5.01;6.22;0.0;558.6555;568.0502;770.1861;676.3114;0.0;0.0;1657.0;1.3193;4000.0;33.3;1.0;FCEV;0.0;0.0;0.0;0.0
51;57.1123;0.0;25.0;129.2358;180.0;88.6947;80.0;9.6301;563.7417;78600.0;13298.1724;0.0;0.0;0.0;745.0559;459.4031;610.7908;1.0754;9.3411;39.7948;40.0;105.2801;40.0;35.25;0.0;0.0;5.0;56.48;40.89;1124.0;1074.0;2.41;2.43;1.25;5.01;6.22;0.0;567.4552;563.7417;788.3495;675.239;0.0;0.0;1657.0;1.3449;4000.0;33.3;1.0;FCEV;0.0;0.0;0.0;0.0
52;61.5425;0.0;25.0;172.8747;180.0;202.6414;80.0;9.6813;558.2678;78600.0;14849.8841;0.0;0.0;0.0;787.811;450.7735;613.4905;1.0946;9.8943;38.1198;40.0;105.0801;40.0;35.25;0.0;0.0;5.0;56.48;40.89;1124.0;1074.0;2.41;2.43;1.25;5.01;6.22;0.0;569.2231;558.2678;782.0322;676.4122;0.0;0.0;1657.0;1.8395;4000.0;33.3;1.0;FCEV;0.0;0.0;0.0;0.0
53;57.2395;0.0;25.0;128.272;180.0;199.46;80.0;9.2792;562.3648;78600.0;14015.7778;0.0;0.0;0.0;786.9977;488.0644;589.8338;0.9055;9.4621;40.0953;40.0;124.4825;40.0;35.25;0.0;0.0;5.0;56.48;40.89;1124.0;1074.0;2.41;2.43;1.25;5.01;6.22;0.0;559.2139;562.3648;782.3973;677.2426;0.0;0.0;1657.0;1.6024;4000.0;33.3;1.0;FCEV;0.0;0.0;0.0;0.0
54;58.2516;0.0;25.0;154.0128;180.0;124.5167;80.0;9.6019;565.9058;78600.0;12273.7094;0.0;0.0;0.0;795.5441;493.1682;616.842;0.9432;9.5546;37.5021;40.0;103.9326;40.0;35.25;0.0;0.0;5.0;56.48;40.89;1124.0;1074.0;2.41;2.43;1.25;5.01;6.22;0.0;570.3702;565.9058;787.2936;675.5284;0.0;0.0;1657.0;1.6712;4000.0;33.3;1.0;FCEV;0.0;0.0;0.0;0.0
55;57.8462;0.0;25.0;164.3802;180.0;159.735;80.0;8.9254;553.2063;78600.0;17998.7687;0.0;0.0;0.0;774.2254;496.661;590.6291;1.0747;9.4503;36.4246;40.0;106.6148;40.0;35.25;0.0;0.0;5.0;56.48;40.89;1124.0;1074.0;2.41;2.43;1.25;5.01;6.22;0.0;567.0322;553.2063;785.6243;678.5636;0.0;0.0;1657.0;1.8878;4000.0;33.3;1.0;FCEV;0.0;0.0;0.0;0.0
56;57.5965;0.0;25.0;165.1904;180.0;85.0921;80.0;9.1988;558.4108;78600.0;13638.1961;0.0;0.0;0.0;798.017;454.5488;582.2096;1.0319;9.7643;36.2797;40.0;112.4512;40.0;35.25;0.0;0.0;5.0;56.48;40.89;1124.0;1074.0;2.41;2.43;1.25;5.01;6.22;0.0;556.3508;558.4108;783.2603;669.9324;0.0;0.0;1657.0;1.6797;4000.0;33.3;1.0;FCEV;0.0;0.0;0.0;0.0
57;59.9208;0.0;25.0;163.2398;180.0;209.4525;80.0;9.4781;565.6679;78600.0;16124.9145;0.0;0.0;0.0;767.879;466.9205;609.5518;0.9913;9.6997;41.7631;40.0;108.9371;40.0;35.25;0.0;0.0;5.0;56.48;40.89;1124.0;1074.0;2.41;2.43;1.25;5.01;6.22;0.0;550.4591;565.6679;782.1586;661.1207;0.0;0.0;1657.0;1.7784;4000.0;33.3;1.0;FCEV;0.0;0.0;0.0;0.0
58;60.1818;0.0;25.0;136.3551;180.0;109.606;80.0;9.1746;555.8289;78600.0;15901.5597;0.0;0.0;0.0;756.3143;466.6845;605.2411;0.9974;9.3719;38.8347;40.0;109.59;40.0;35.25;0.0;0.0;5.0;56.48;40.89;1124.0;1074.0;2.41;2.43;1.25;5.01;6.22;0.0;564.111;555.8289;778.841;671.7239;0.0;0.0;1657.0;1.8292;4000.0;33.3;1.0;FCEV;0.0;0.0;0.0;0.0
59;60.4862;0.0;25.0;171.237;180.0;135.4087;80.0;9.1077;556.574;78600.0;13245.4307;0.0;0.0;0.0;785.4411;465.8145;576.3582;1.0424;9.703;40.8305;40.0;121.8597;40.0;35.25;0.0;0.0;5.0;56.48;40.89;1124.0;1074.0;2.41;2.43;1.25;5.01;6.22;0.0;563.5141;556.574;787.7005;675.3165;0.0;0.0;1657.0;1.8014;4000.0;33.3;1.0;FCEV;0.0;0.0;0.0;0.0
60;59.3239;0.0;25.0;157.1659;180.0;213.8832;80.0;9.2318;563.5258;78600.0;12169.1646;0.0;0.0;0.0;777.2871;473.3114;612.4085;0.961;9.9721;42.5577;40.0;119.7286;40.0;35.25;0.0;0.0;5.0;56.48;40.89;1124.0;1074.0;2.41;2.43;1.25;5.01;6.22;0.0;569.9307;563.5258;778.2345;669.4587;0.0;0.0;1657.0;1.5177;4000.0;33.3;1.0;FCEV;0.0;0.0;0.0;0.0
61;62.2849;0.0;25.0;145.9086;180.0;156.6801;80.0;9.673;561.9154;78600.0;17114.3015;0.0;0.0;0.0;756.9197;455.644;587.1714;1.0072;9.7294;37.3541;40.0;120.21;40.0;35.25;0.0;0.0;5.0;56.48;40.89;1124.0;1074.0;2.41;2.43;1.25;5.01;6.22;0.0;563.9975;561.9154;771.7487;665.056;0.0;0.0;1657.0;1.6596;4000.0;33.3;1.0;FCEV;0.0;0.0;0.0;0.0
62;57.0406;0.0;25.0;127.3015;180.0;186.5027;80.0;9.0143;562.4864;78600.0;15863.5873;0.0;0.0;0.0;799.1738;495.2365;614.7255;1.0504;9.4008;41.1455;40.0;108.5747;40.0;35.25;0.0;0.0;5.0;56.48;40.89;1124.0;1074.0;2.41;2.43;1.25;5.01;6.22;0.0;564.4245;562.4864;774.1456;664.3128;0.0;0.0;1657.0;1.6261;4000.0;33.3;1.0;FCEV;0.0;0.0;0.0;0.0
63;59.8393;0.0;25.0;145.4501;180.0;149.8391;80.0;9.6654;551.0666;78600.0;12920.9232;0.0;0.0;0.0;768.9431;460.9853;622.5712;1.0146;9.0185;38.6667;40.0;114.7065;40.0;35.25;0.0;0.0;5.0;56.48;40.89;1124.0;1074.0;2.41;2.43;1.25;5.01;6.22;0.0;554.1124;551.0666;786.9751;666.2607;0.0;0.0;1657.0;1.7024;4000.0;33.3;1.0;FCEV;0.0;0.0;0.0;0.0
64;59.857;0.0;25.0;151.7341;180.0;224.9914;80.0;9.2163;567.0527;78600.0;14699.4345;0.0;0.0;0.0;756.8296;482.5341;575.4125;0.9065;9.5213;40.6465;40.0;104.7036;40.0;35.25;0.0;0.0;5.0;56.48;40.89;1124.0;1074.0;2.41;2.43;1.25;5.01;6.22;0.0;570.0408;567.0527;775.38;663.1703;0.0;0.0;1657.0;1.7418;4000.0;33.3;1.0;FCEV;0.0;0.0;0.0;0.0
65;58.6388;0.0;25.0;164.82;180.0;154.1015;80.0;9.4522;561.3429;78600.0;16753.8182;0.0;0.0;0.0;729.7801;472.8438;578.0028;1.0887;9.9117;36.4617;40.0;118.1295;40.0;35.25;0.0;0.0;5.0;56.48;40.89;1124.0;1074.0;2.41;2.43;1.25;5.01;6.22;0.0;556.9091;561.3429;783.3165;665.2358;0.0;0.0;1657.0;1.8561;4000.0;33.3;1.0;FCEV;0.0;0.0;0.0;0.0
66;56.785;0.0;25.0;130.5395;180.0;151.7674;80.0;9.5261;559.1622;78600.0;15088.8868;0.0;0.0;0.0;772.4945;457.2328;602.9356;1.0829;9.5787;38.3504;40.0;122.5104;40.0;35.25;0.0;0.0;5.0;56.48;40.89;1124.0;1074.0;2.41;2.43;1.25;5.01;6.22;0.0;552.8203;559.1622;773.6183;673.7327;0.0;0.0;1657.0;1.5221;4000.0;33.3;1.0;FCEV;0.0;0.0;0.0;0.0
67;59.7317;0.0;25.0;135.4164;180.0;144.0568;80.0;9.5591;561.5668;78600.0;13046.2553;0.0;0.0;0.0;746.222;492.626;577.3891;0.9178;9.4599;40.3056;40.0;119.9195;40.0;35.25;0.0;0.0;5.0;56.48;40.89;1124.0;1074.0;2.41;2.43;1.25;5.01;6.22;0.0;553.8355;561.5668;780.3136;674.0709;0.0;0.0;1657.0;1.323;4000.0;33.3;1.0;FCEV;0.0;0.0;0.0;0.0
68;61.763;0.0;25.0;142.914;180.0;136.43;80.0;9.7661;564.7353;78600.0;15972.6431;0.0;0.0;0.0;737.2277;481.3141;622.1072;0.9255;9.7054;38.5174;40.0;109.6918;40.0;35.25;0.0;0.0;5.0;56.48;40.89;1124.0;1074.0;2.41;2.43;1.25;5.01;6.22;0.0;566.3408;564.7353;779.177;660.1984;0.0;0.0;1657.0;1.3819;4000.0;33.3;1.0;FCEV;0.0;0.0;0.0;0.0
69;60.736;0.0;25.0;136.8415;180.0;213.0014;80.0;9.4752;555.6065;78600.0;12641.8388;0.0;0.0;0.0;782.792;473.5481;610.304;1.0277;9.3898;40.9162;40.0;117.7918;40.0;35.25;0.0;0.0;5.0;56.48;40.89;1124.0;1074.0;2.41;2.43;1.25;5.01;6.22;0.0;569.0501;555.6065;784.5952;671.3116;0.0;0.0;1657.0;1.864;4000.0;33.3;1.0;FCEV;0.0;0.0;0.0;0.0
70;62.1313;0.0;25.0;157.7077;180.0;110.5519;80.0;8.9207;555.1407;78600.0;15754.1612;0.0;0.0;0.0;765.7858;489.6475;598.2162;0.9188;9.4419;36.3614;40.0;116.1948;40.0;35.25;0.0;0.0;5.0;56.48;40.89;1124.0;1074.0;2.41;2.43;1.25;5.01;6.22;0.0;555.351;555.1407;783.5046;677.7714;0.0;0.0;1657.0;1.5355;4000.0;33.3;1.0;FCEV;0.0;0.0;0.0;0.0
71;58.7164;0.0;25.0;152.5778;180.0;163.3686;80.0;9.1358;566.7062;78600.0;12863.6404;0.0;0.0;0.0;726.4052;480.2533;617.4685;0.9194;9.2866;40.3496;40.0;119.6719;40.0;35.25;0.0;0.0;5.0;56.48;40.89;1124.0;1074.0;2.41;2.43;1.25;5.01;6.22;0.0;563.8844;566.7062;785.2382;677.5246;0.0;0.0;1657.0;1.7113;4000.0;33.3;1.0;FCEV;0.0;0.0;0.0;0.0
72;58.5574;0.0;25.0;137.0869;180.0;186.8954;80.0;8.9447;562.5252;78600.0;14108.5227;0.0;0.0;0.0;794.3135;498.8803;587.8772;1.0582;9.6252;40.0128;40.0;124.5539;40.0;35.25;0.0;0.0;5.0;56.48;40.89;1124.0;1074.0;2.41;2.43;1.25;5.01;6.22;0.0;553.9559;562.5252;776.1133;661.2701;0.0;0.0;1657.0;1.3778;4000.0;33.3;1.0;FCEV;0.0;0.0;0.0;0.0
73;60.3299;0.0;25.0;161.5319;180.0;86.3515;80.0;8.9745;568.3426;78600.0;13806.8335;0.0;0.0;0.0;725.7726;486.3801;615.7644;1.0985;9.9257;40.5391;40.0;111.9906;40.0;35.25;0.0;0.0;5.0;56.48;40.89;1124.0;1074.0;2.41;2.43;1.25;5.01;6.22;0.0;570.9462;568.3426;770.4279;667.6314;0.0;0.0;1657.0;1.682;4000.0;33.3;1.0;FCEV;0.0;0.0;0.0;0.0
74;56.6168;0.0;25.0;159.8522;180.0;157.2042;80.0;9.3643;550.4686;78600.0;15133.1537;0.0;0.0;0.0;784.8051;497.0285;602.027;0.9674;9.8957;38.7621;40.0;107.7604;40.0;35.25;0.0;0.0;5.0;56.48;40.89;1124.0;1074.0;2.41;2.43;1.25;5.01;6.22;0.0;565.0679;550.4686;776.2262;674.5935;0.0;0.0;1657.0;1.4646;4000.0;33.3;1.0;FCEV;0.0;0.0;0.0;0.0
75;60.2595;0.0;25.0;143.8065;180.0;216.255;80.0;8.9353;556.8798;78600.0;13579.7385;0.0;0.0;0.0;781.5507;453.8328;614.9988;0.9166;9.6348;39.0627;40.0;107.2131;40.0;35.25;0.0;0.0;5.0;56.48;40.89;1124.0;1074.0;2.41;2.43;1.25;5.01;6.22;0.0;566.571;556.8798;782.9813;665.3962;0.0;0.0;1657.0;1.717;4000.0;33.3;1.0;FCEV;0.0;0.0;0.0;0.0
76;61.0665;0.0;25.0;169.7558;180.0;171.3438;80.0;9.2249;566.1187;78600.0;17573.9207;0.0;0.0;0.0;734.4063;482.8319;581.0933;0.9333;9.9697;38.4673;40.0;119.1863;40.0;35.25;0.0;0.0;5.0;56.48;40.89;1124.0;1074.0;2.41;2.43;1.25;5.01;6.22;0.0;552.0603;566.1187;771.931;671.003;0.0;0.0;1657.0;1.6204;4000.0;33.3;1.0;FCEV;0.0;0.0;0.0;0.0
77;61.1962;0.0;25.0;149.0955;180.0;176.6481;80.0;9.2111;568.8619;78600.0;12743.3994;0.0;0.0;0.0;770.1726;456.7299;586.307;0.9774;9.6243;36.4839;40.0;112.9229;40.0;35.25;0.0;0.0;5.0;56.48;40.89;1124.0;1074.0;2.41;2.43;1.25;5.01;6.22;0.0;565.3871;568.8619;788.8985;678.0645;0.0;0.0;1657.0;1.3956;4000.0;33.3;1.0;FCEV;0.0;0.0;0.0;0.0
78;58.1954;0.0;25.0;147.0456;180.0;184.1972;80.0;9.5753;550.7075;78600.0;13328.6584;0.0;0.0;0.0;771.5156;482.4825;582.8656;1.0648;9.0698;42.8765;40.0;124.9049;40.0;35.25;0.0;0.0;5.0;56.48;40.89;1124.0;1074.0;2.41;2.43;1.25;5.01;6.22;0.0;558.1084;550.7075;777.0146;664.9329;0.0;0.0;1657.0;1.7715;4000.0;33.3;1.0;FCEV;0.0;0.0;0.0;0.0
79;58.4803;0.0;25.0;169.9674;180.0;104.555;80.0;9.4386;567.2576;78600.0;14173.657;0.0;0.0;0.0;752.7136;473.8575;584.6391;0.9684;9.4838;37.241;40.0;112.1139;40.0;35.25;0.0;0.0;5.0;56.48;40.89;1124.0;1074.0;2.41;2.43;1.25;5.01;6.22;0.0;556.6497;567.2576;781.5923;665.6504;0.0;0.0;1657.0;1.4542;4000.0;33.3;1.0;FCEV;0.0;0.0;0.0;0.0
80;57.7033;0.0;25.0;128.0698;180.0;111.8838;80.0;9.3668;556.7526;78600.0;13077.7409;0.0;0.0;0.0;742.6621;489.8673;618.7835;0.9023;9.5664;39.6629;40.0;116.0345;40.0;35.25;0.0;0.0;5.0;56.48;40.89;1124.0;1074.0;2.41;2.43;1.25;5.01;6.22;0.0;561.8348;556.7526;782.219;668.1972;0.0;0.0;1657.0;1.623;4000.0;33.3;1.0;FCEV;0.0;0.0;0.0;0.0
81;62.2369;0.0;25.0;152.0208;180.0;159.5822;80.0;9.13;554.0486;78600.0;15998.4057;0.0;0.0;0.0;797.1342;478.0071;612.8789;0.9796;9.6646;37.4562;40.0;104.4913;40.0;35.25;0.0;0.0;5.0;56.48;40.89;1124.0;1074.0;2.41;2.43;1.25;5.01;6.22;0.0;551.2531;554.0486;770.315;677.8231;0.0;0.0;1657.0;1.4976;4000.0;33.3;1.0;FCEV;0.0;0.0;0.0;0.0
82;58.6633;0.0;25.0;166.4703;180.0;101.5353;80.0;9.069;555.9364;78600.0;13150.6635;0.0;0.0;0.0;751.0469;475.0225;595.4096;0.9727;9.6018;40.2576;40.0;103.7912;40.0;35.25;0.0;0.0;5.0;56.48;40.89;1124.0;1074.0;2.41;2.43;1.25;5.01;6.22;0.0;564.2503;555.9364;779.7649;676.6503;0.0;0.0;1657.0;1.6076;4000.0;33.3;1.0;FCEV;0.0;0.0;0.0;0.0
83;57.4447;0.0;25.0;150.8646;180.0;105.5314;80.0;9.295;556.3058;78600.0;16022.0464;0.0;0.0;0.0;762.761;474.4327;590.038;0.9715;9.7593;40.6389;40.0;121.4434;40.0;35.25;0.0;0.0;5.0;56.48;40.89;1124.0;1074.0;2.41;2.43;1.25;5.01;6.22;0.0;568.2224;556.3058;778.9748;661.3413;0.0;0.0;1657.0;1.5677;4000.0;33.3;1.0;FCEV;0.0;0.0;0.0;0.0
84;60.2695;0.0;25.0;162.2819;180.0;165.0745;80.0;8.8935;553.0282;78600.0;17705.3775;0.0;0.0;0.0;792.0232;497.6226;611.8234;0.9386;9.689;40.758;40.0;104.2596;40.0;35.25;0.0;0.0;5.0;56.48;40.89;1124.0;1074.0;2.41;2.43;1.25;5.01;6.22;0.0;555.3961;553.0282;780.083;674.1193;0.0;0.0;1657.0;1.846;4000.0;33.3;1.0;FCEV;0.0;0.0;0.0;0.0
85;61.861;0.0;25.0;141.4523;180.0;130.3261;80.0;8.8649;567.9272;78600.0;16518.7317;0.0;0.0;0.0;755.1188;480.5887;596.5115;1.071;9.1589;36.9996;40.0;107.524;40.0;35.25;0.0;0.0;5.0;56.48;40.89;1124.0;1074.0;2.41;2.43;1.25;5.01;6.22;0.0;551.0098;567.9272;773.9198;666.8074;0.0;0.0;1657.0;1.5084;4000.0;33.3;1.0;FCEV;0.0;0.0;0.0;0.0
86;58.1025;0.0;25.0;138.6938;180.0;147.6415;80.0;9.6311;569.8121;78600.0;14614.6227;0.0;0.0;0.0;779.219;471.5661;605.5803;0.966;9.6813;43.0727;40.0;123.8729;40.0;35.25;0.0;0.0;5.0;56.48;40.89;1124.0;1074.0;2.41;2.43;1.25;5.01;6.22;0.0;556.4831;569.8121;789.1938;679.8505;0.0;0.0;1657.0;1.3256;4000.0;33.3;1.0;FCEV;0.0;0.0;0.0;0.0
87;61.5945;0.0;25.0;127.6654;180.0;188.7252;80.0;9.5534;552.4111;78600.0;16390.8393;0.0;0.0;0.0;749.4797;498.6947;600.6708;1.0795;9.8301;37.2362;40.0;121.0793;40.0;35.25;0.0;0.0;5.0;56.48;40.89;1124.0;1074.0;2.41;2.43;1.25;5.01;6.22;0.0;560.9598;552.4111;781.0556;677.066;0.0;0.0;1657.0;1.5762;4000.0;33.3;1.0;FCEV;0.0;0.0;0.0;0.0
88;58.5186;0.0;25.0;173.0914;180.0;106.8075;80.0;9.4049;563.2868;78600.0;14924.2983;0.0;0.0;0.0;776.1518;457.624;575.006;1.0126;9.9769;43.6592;40.0;118.9943;40.0;35.25;0.0;0.0;5.0;56.48;40.89;1124.0;1074.0;2.41;2.43;1.25;5.01;6.22;0.0;557.1737;563.2868;781.4169;660.7618;0.0;0.0;1657.0;1.6097;4000.0;33.3;1.0;FCEV;0.0;0.0;0.0;0.0
89;60.5909;0.0;25.0;167.9985;180.0;101.1382;80.0;9.1945;567.7091;78600.0;16212.3043;0.0;0.0;0.0;773.8124;454.4646;592.5133;1.0813;9.0986;39.5075;40.0;113.8121;40.0;35.25;0.0;0.0;5.0;56.48;40.89;1124.0;1074.0;2.41;2.43;1.25;5.01;6.22;0.0;568.6029;567.7091;789.2776;673.9046;0.0;0.0;1657.0;1.5666;4000.0;33.3;1.0;FCEV;0.0;0.0;0.0;0.0
90;59.886;0.0;25.0;175.3735;180.0;113.5609;80.0;9.513;553.8539;78600.0;14755.3185;0.0;0.0;0.0;726.5702;496.4074;608.4978;1.0282;9.1376;40.214;40.0;116.7868;40.0;35.25;0.0;0.0;5.0;56.48;40.89;1124.0;1074.0;2.41;2.43;1.25;5.01;6.22;0.0;552.4008;553.8539;779.4483;676.8759;0.0;0.0;1657.0;1.6625;4000.0;33.3;1.0;FCEV;0.0;0.0;0.0;0.0
91;59.0558;0.0;25.0;156.6416;180.0;169.9097;80.0;9.0991;564.5689;78600.0;15112.6746;0.0;0.0;0.0;795.1221;469.6068;621.5116;1.0204;9.2412;41.2034;40.0;107.6991;40.0;35.25;0.0;0.0;5.0;56.48;40.89;1124.0;1074.0;2.41;2.43;1.25;5.01;6.22;0.0;563.1718;564.5689;782.5708;670.9321;0.0;0.0;1657.0;1.8213;4000.0;33.3;1.0;FCEV;0.0;0.0;0.0;0.0
92;58.3184;0.0;25.0;144.0228;180.0;138.5347;80.0;9.7535;550.886;78600.0;17465.3306;0.0;0.0;0.0;779.9184;451.7687;611.7174;1.0858;9.2113;41.709;40.0;106.4948;40.0;35.25;0.0;0.0;5.0;56.48;40.89;1124.0;1074.0;2.41;2.43;1.25;5.01;6.22;0.0;570.2214;550.886;789.9026;675.0478;0.0;0.0;1657.0;1.6296;4000.0;33.3;1.0;FCEV;0.0;0.0;0.0;0.0
93;58.301;0.0;25.0;134.7691;180.0;92.4866;80.0;9.2589;563.8615;78600.0;15786.9156;0.0;0.0;0.0;778.6963;496.986;607.7233;1.0969;9.8161;41.438;40.0;111.5191;40.0;35.25;0.0;0.0;5.0;56.48;40.89;1124.0;1074.0;2.41;2.43;1.25;5.01;6.22;0.0;558.4076;563.8615;785.9987;677.649;0.0;0.0;1657.0;1.5587;4000.0;33.3;1.0;FCEV;0.0;0.0;0.0;0.0
94;60.5717;0.0;25.0;131.9118;180.0;116.9412;80.0;9.5436;563.3998;78600.0;14901.544;0.0;0.0;0.0;741.7442;462.822;607.8999;1.0436;9.338;41.8771;40.0;117.2578;40.0;35.25;0.0;0.0;5.0;56.48;40.89;1124.0;1074.0;2.41;2.43;1.25;5.01;6.22;0.0;552.6588;563.3998;771.8834;662.5006;0.0;0.0;1657.0;1.373;4000.0;33.3;1.0;FCEV;0.0;0.0;0.0;0.0
95;59.652;0.0;25.0;144.2978;180.0;108.8746;80.0;9.3564;554.9891;78600.0;17372.57;0.0;0.0;0.0;775.4097;454.8086;624.955;1.0003;9.745;37.4001;40.0;122.5841;40.0;35.25;0.0;0.0;5.0;56.48;40.89;1124.0;1074.0;2.41;2.43;1.25;5.01;6.22;0.0;556.2662;554.9891;783.4602;665.8763;0.0;0.0;1657.0;1.4428;4000.0;33.3;1.0;FCEV;0.0;0.0;0.0;0.0
96;57.8957;0.0;25.0;148.5118;180.0;135.9967;80.0;8.9584;569.1228;78600.0;12128.2424;0.0;0.0;0.0;735.9009;492.8411;601.6367;0.9288;9.4984;42.6546;40.0;112.6654;40.0;35.25;0.0;0.0;5.0;56.48;40.89;1124.0;1074.0;2.41;2.43;1.25;5.01;6.22;0.0;568.5603;569.1228;770.051;677.979;0.0;0.0;1657.0;1.7993;4000.0;33.3;1.0;FCEV;0.0;0.0;0.0;0.0
97;56.4913;0.0;25.0;160.9717;180.0;200.5691;80.0;9.49;557.5874;78600.0;14299.4381;0.0;0.0;0.0;777.1579;492.1406;586.0168;1.0878;9.9568;37.9474;40.0;114.3778;40.0;35.25;0.0;0.0;5.0;56.48;40.89;1124.0;1074.0;2.41;2.43;1.25;5.01;6.22;0.0;569.1753;557.5874;782.6868;678.4417;0.0;0.0;1657.0;1.5904;4000.0;33.3;1.0;FCEV;0.0;0.0;0.0;0.0
98;60.0778;0.0;25.0;156.1724;180.0;221.4246;80.0;9.5907;567.4114;78600.0;17368.2546;0.0;0.0;0.0;736.7576;467.9678;594.0489;0.9221;9.5729;42.8158;40.0;115.3282;40.0;35.25;0.0;0.0;5.0;56.48;40.89;1124.0;1074.0;2.41;2.43;1.25;5.01;6.22;0.0;553.7395;567.4114;788.9668;672.5295;0.0;0.0;1657.0;1.5633;4000.0;33.3;1.0;FCEV;0.0;0.0;0.0;0.0
99;61.6225;0.0;25.0;158.059;180.0;203.9286;80.0;9.3218;551.7597;78600.0;17521.4271;0.0;0.0;0.0;782.6105;480.9615;597.2958;1.0697;9.2907;41.2854;40.0;111.8802;40.0;35.25;0.0;0.0;5.0;56.48;40.89;1124.0;1074.0;2.41;2.43;1.25;5.01;6.22;0.0;560.4;551.7597;773.2079;678.9629;0.0;0.0;1657.0;1.4288;4000.0;33.3;1.0;FCEV;0.0;0.0;0.0;0.0
100;77.2862;0.0;1.0;133.0697;150.0;0.0;0.0;0.9081;675.239;30366.0;13298.1724;0.0;7.8223;10.0;745.0559;459.4031;610.7908;17.3426;9.3411;0.0;0.0;0.0;0.0;42.39;33.62;300.0;0.0;0.0;0.0;1656.0;1174.0;2.41;2.38;0.0;0.0;0.0;9.43;567.4552;563.7417;788.3495;675.239;0.0;0.799;1795.0;1.3449;3000.0;1.0;11.6;PHEV;19.8926;7.2055;0.2762;3.4203
101;68.5576;0.0;1.0;172.8747;150.0;0.0;0.0;1.5705;677.2426;30366.0;14015.7778;0.0;7.9616;10.0;786.9977;488.0644;589.8338;14.6394;9.4621;0.0;0.0;0.0;0.0;42.39;33.62;300.0;0.0;0.0;0.0;1656.0;1174.0;2.41;2.38;0.0;0.0;0.0;9.43;559.2139;562.3648;782.3973;677.2426;0.0;0.5734;1795.0;1.6024;3000.0;1.0;11.6;PHEV;21.0159;6.0671;0.2871;3.2958
102;71.5113;0.0;1.0;154.0128;150.0;0.0;0.0;1.1369;678.5636;30366.0;17998.7687;0.0;7.8092;10.0;774.2254;496.661;590.6291;14.887;9.4503;0.0;0.0;0.0;0.0;42.39;33.62;300.0;0.0;0.0;0.0;1656.0;1174.0;2.41;2.38;0.0;0.0;0.0;9.43;567.0322;553.2063;785.6243;678.5636;0.0;0.7046;1795.0;1.8878;3000.0;1.0;11.6;PHEV;18.109;7.2003;0.2846;3.1703
103;64.5814;0.0;1.0;165.1904;150.0;0.0;0.0;1.7138;661.1207;30366.0;16124.9145;0.0;9.4363;10.0;767.879;466.9205;609.5518;13.6754;9.6997;0.0;0.0;0.0;0.0;42.39;33.62;300.0;0.0;0.0;0.0;1656.0;1174.0;2.41;2.38;0.0;0.0;0.0;9.43;550.4591;565.6679;782.1586;661.1207;0.0;0.534;1795.0;1.7784;3000.0;1.0;11.6;PHEV;19.8132;6.6417;0.2716;3.3664
104;76.6212;0.0;1.0;136.3551;150.0;0.0;0.0;0.9666;675.3165;30366.0;13245.4307;0.0;9.3299;10.0;785.4411;465.8145;576.3582;16.2938;9.703;0.0;0.0;0.0;0.0;42.39;33.62;300.0;0.0;0.0;0.0;1656.0;1174.0;2.41;2.38;0.0;0.0;0.0;9.43;563.5141;556.574;787.7005;675.3165;0.0;0.7653;1795.0;1.8014;3000.0;1.0;11.6;PHEV;19.1494;6.9843;0.2708;3.235
105;74.7798;0.0;1.0;157.1659;150.0;0.0;0.0;1.11;665.056;30366.0;17114.3015;0.0;8.8286;10.0;756.9197;455.644;587.1714;15.3525;9.7294;0.0;0.0;0.0;0.0;42.39;33.62;300.0;0.0;0.0;0.0;1656.0;1174.0;2.41;2.38;0.0;0.0;0.0;9.43;563.9975;561.9154;771.7487;665.056;0.0;0.7353;1795.0;1.6596;3000.0;1.0;11.6;PHEV;18.4507;6.7482;0.2726;3.4356
106;65.705;0.0;1.0;127.3015;150.0;0.0;0.0;1.612;666.2607;30366.0;12920.9232;0.0;8.8405;10.0;768.9431;460.9853;622.5712;14.4843;9.0185;0.0;0.0;0.0;0.0;42.39;33.62;300.0;0.0;0.0;0.0;1656.0;1174.0;2.41;2.38;0.0;0.0;0.0;9.43;554.1124;551.0666;786.9751;666.2607;0.0;0.5749;1795.0;1.7024;3000.0;1.0;11.6;PHEV;20.1675;6.798;0.2656;3.4329
107;70.478;0.0;1.0;151.7341;150.0;0.0;0.0;1.3841;665.2358;30366.0;16753.8182;0.0;8.4837;10.0;729.7801;472.8438;578.0028;13.7611;9.9117;0.0;0.0;0.0;0.0;42.39;33.62;300.0;0.0;0.0;0.0;1656.0;1174.0;2.41;2.38;0.0;0.0;0.0;9.43;556.9091;561.3429;783.3165;665.2358;0.0;0.6396;1795.0;1.8561;3000.0;1.0;11.6;PHEV;17.4055;7.2943;0.2721;3.3572
108;68.1501;0.0;1.0;130.5395;150.0;0.0;0.0;1.3868;674.0709;30366.0;13046.2553;0.0;9.3079;10.0;746.222;492.626;577.3891;15.5958;9.4599;0.0;0.0;0.0;0.0;42.39;33.62;300.0;0.0;0.0;0.0;1656.0;1174.0;2.41;2.38;0.0;0.0;0.0;9.43;553.8355;561.5668;780.3136;674.0709;0.0;0.6451;1795.0;1.323;3000.0;1.0;11.6;PHEV;20.7918;6.1491;0.2821;3.3952
109;79.8684;0.0;1.0;142.914;150.0;0.0;0.0;0.9113;671.3116;30366.0;12641.8388;0.0;8.5516;10.0;782.792;473.5481;610.304;15.5708;9.3898;0.0;0.0;0.0;0.0;42.39;33.62;300.0;0.0;0.0;0.0;1656.0;1174.0;2.41;2.38;0.0;0.0;0.0;9.43;569.0501;555.6065;784.5952;671.3116;0.0;0.798;1795.0;1.864;3000.0;1.0;11.6;PHEV;17.7698;6.8853;0.2899;3.3654
110;73.9504;0.0;1.0;157.7077;150.0;0.0;0.0;1.2509;677.5246;30366.0;12863.6404;0.0;9.1061;10.0;726.4052;480.2533;617.4685;13.8367;9.2866;0.0;0.0;0.0;0.0;42.39;33.62;300.0;0.0;0.0;0.0;1656.0;1174.0;2.41;2.38;0.0;0.0;0.0;9.43;563.8844;566.7062;785.2382;677.5246;0.0;0.6686;1795.0;1.7113;3000.0;1.0;11.6;PHEV;17.6412;6.1601;0.2626;3.245
111;70.7415;0.0;1.0;137.0869;150.0;0.0;0.0;1.2439;667.6314;30366.0;13806.8335;0.0;8.8864;10.0;725.7726;486.3801;615.7644;15.9729;9.9257;0.0;0.0;0.0;0.0;42.39;33.62;300.0;0.0;0.0;0.0;1656.0;1174.0;2.41;2.38;0.0;0.0;0.0;9.43;570.9462;568.3426;770.4279;667.6314;0.0;0.6647;1795.0;1.682;3000.0;1.0;11.6;PHEV;20.317;7.3603;0.2634;3.1877
112;62.7705;0.0;1.0;159.8522;150.0;0.0;0.0;1.717;665.3962;30366.0;13579.7385;0.0;9.467;10.0;781.5507;453.8328;614.9988;12.3932;9.6348;0.0;0.0;0.0;0.0;42.39;33.62;300.0;0.0;0.0;0.0;1656.0;1174.0;2.41;2.38;0.0;0.0;0.0;9.43;566.571;556.8798;782.9813;665.3962;0.0;0.5029;1795.0;1.717;3000.0;1.0;11.6;PHEV;18.5733;6.1414;0.2769;3.1738
113;71.5458;0.0;1.0;169.7558;150.0;0.0;0.0;1.4029;678.0645;30366.0;12743.3994;0.0;9.5164;10.0;770.1726;456.7299;586.307;13.6337;9.6243;0.0;0.0;0.0;0.0;42.39;33.62;300.0;0.0;0.0;0.0;1656.0;1174.0;2.41;2.38;0.0;0.0;0.0;9.43;565.3871;568.8619;788.8985;678.0645;0.0;0.6231;1795.0;1.3956;3000.0;1.0;11.6;PHEV;17.9201;6.5484;0.2724;3.2717
114;71.7808;0.0;1.0;147.0456;150.0;0.0;0.0;1.1759;665.6504;30366.0;14173.657;0.0;8.6592;10.0;752.7136;473.8575;584.6391;16.3869;9.4838;0.0;0.0;0.0;0.0;42.39;33.62;300.0;0.0;0.0;0.0;1656.0;1174.0;2.41;2.38;0.0;0.0;0.0;9.43;556.6497;567.2576;781.5923;665.6504;0.0;0.7093;1795.0;1.4542;3000.0;1.0;11.6;PHEV;20.4448;6.488;0.2837;3.3524
115;68.2803;0.0;1.0;128.0698;150.0;0.0;0.0;1.4369;677.8231;30366.0;15998.4057;0.0;8.3316;10.0;797.1342;478.0071;612.8789;13.1164;9.6646;0.0;0.0;0.0;0.0;42.39;33.62;300.0;0.0;0.0;0.0;1656.0;1174.0;2.41;2.38;0.0;0.0;0.0;9.43;551.2531;554.0486;770.315;677.8231;0.0;0.6089;1795.0;1.4976;3000.0;1.0;11.6;PHEV;17.3249;6.5634;0.277;3.2429
116;65.6564;0.0;1.0;166.4703;150.0;0.0;0.0;1.6034;661.3413;30366.0;16022.0464;0.0;8.0658;10.0;762.761;474.4327;590.038;13.3187;9.7593;0.0;0.0;0.0;0.0;42.39;33.62;300.0;0.0;0.0;0.0;1656.0;1174.0;2.41;2.38;0.0;0.0;0.0;9.43;568.2224;556.3058;778.9748;661.3413;0.0;0.5597;1795.0;1.5677;3000.0;1.0;11.6;PHEV;18.6767;6.5091;0.2674;3.3014
117;71.6382;0.0;1.0;162.2819;150.0;0.0;0.0;1.3067;666.8074;30366.0;16518.7317;0.0;9.0595;10.0;755.1188;480.5887;596.5115;14.0959;9.1589;0.0;0.0;0.0;0.0;42.39;33.62;300.0;0.0;0.0;0.0;1656.0;1174.0;2.41;2.38;0.0;0.0;0.0;9.43;551.0098;567.9272;773.9198;666.8074;0.0;0.638;1795.0;1.5084;3000.0;1.0;11.6;PHEV;18.0218;7.1758;0.2617;3.1488
118;66.6719;0.0;1.0;138.6938;150.0;0.0;0.0;1.6429;677.066;30366.0;16390.8393;0.0;9.1383;10.0;749.4797;498.6947;600.6708;13.605;9.8301;0.0;0.0;0.0;0.0;42.39;33.62;300.0;0.0;0.0;0.0;1656.0;1174.0;2.41;2.38;0.0;0.0;0.0;9.43;560.9598;552.4111;781.0556;677.066;0.0;0.5632;1795.0;1.5762;3000.0;1.0;11.6;PHEV;18.547;7.2325;0.2855;3.3931
119;64.3951;0.0;1.0;173.0914;150.0;0.0;0.0;1.7539;673.9046;30366.0;16212.3043;0.0;8.0352;10.0;773.8124;454.4646;592.5133;13.4176;9.0986;0.0;0.0;0.0;0.0;42.39;33.62;300.0;0.0;0.0;0.0;1656.0;1174.0;2.41;2.38;0.0;0.0;0.0;9.43;568.6029;567.7091;789.2776;673.9046;0.0;0.5061;1795.0;1.5666;3000.0;1.0;11.6;PHEV;19.4425;7.2446;0.2782;3.2658
120;70.7028;0.0;1.0;175.3735;150.0;0.0;0.0;1.339;670.9321;30366.0;15112.6746;0.0;9.6581;10.0;795.1221;469.6068;621.5116;15.1163;9.2412;0.0;0.0;0.0;0.0;42.39;33.62;300.0;0.0;0.0;0.0;1656.0;1174.0;2.41;2.38;0.0;0.0;0.0;9.43;563.1718;564.5689;782.5708;670.9321;0.0;0.6416;1795.0;1.8213;3000.0;1.0;11.6;PHEV;19.741;6.8367;0.2817;3.232
121;74.8176;0.0;1.0;144.0228;150.0;0.0;0.0;0.9486;677.649;30366.0;15786.9156;0.0;9.5798;10.0;778.6963;496.986;607.7233;17.8802;9.8161;0.0;0.0;0.0;0.0;42.39;33.62;300.0;0.0;0.0;0.0;1656.0;1174.0;2.41;2.38;0.0;0.0;0.0;9.43;558.4076;563.8615;785.9987;677.649;0.0;0.7802;1795.0;1.5587;3000.0;1.0;11.6;PHEV;20.8464;7.3493;0.2895;3.2886
122;67.3963;0.0;1.0;131.9118;150.0;0.0;0.0;1.6566;665.8763;30366.0;17372.57;0.0;9.6691;10.0;775.4097;454.8086;624.955;14.0111;9.745;0.0;0.0;0.0;0.0;42.39;33.62;300.0;0.0;0.0;0.0;1656.0;1174.0;2.41;2.38;0.0;0.0;0.0;9.43;556.2662;554.9891;783.4602;665.8763;0.0;0.5481;1795.0;1.4428;3000.0;1.0;11.6;PHEV;20.0365;6.7018;0.2827;3.3233
123;63.5521;0.0;1.0;148.5118;150.0;0.0;0.0;1.7187;678.4417;30366.0;14299.4381;0.0;8.7799;10.0;777.1579;492.1406;586.0168;12.8953;9.9568;0.0;0.0;0.0;0.0;42.39;33.62;300.0;0.0;0.0;0.0;1656.0;1174.0;2.41;2.38;0.0;0.0;0.0;9.43;569.1753;557.5874;782.6868;678.4417;0.0;0.5317;1795.0;1.5904;3000.0;1.0;11.6;PHEV;17.8337;7.2882;0.2638;3.3706
124;68.5215;0.0;1.0;156.1724;150.0;0.0;0.0;1.5889;678.9629;30366.0;17521.4271;0.0;7.9327;10.0;782.6105;480.9615;597.2958;13.1627;9.2907;0.0;0.0;0.0;0.0;42.39;33.62;300.0;0.0;0.0;0.0;1656.0;1174.0;2.41;2.38;0.0;0.0;0.0;9.43;560.4;551.7597;773.2079;678.9629;0.0;0.569;1795.0;1.4288;3000.0;1.0;11.6;PHEV;17.7052;7.1668;0.2842;3.311
125;70.8088;0.0;1.0;140.5115;150.0;0.0;0.0;1.5376;667.2039;30366.0;12103.1852;0.0;9.1185;10.0;744.7981;499.8536;581.841;14.4069;9.8767;0.0;0.0;0.0;0.0;42.39;33.62;300.0;0.0;0.0;0.0;1656.0;1174.0;2.41;2.38;0.0;0.0;0.0;9.43;553.2184;552.3028;788.4986;667.2039;0.0;0.5871;1795.0;1.4841;3000.0;1.0;11.6;PHEV;19.9289;6.5539;0.2692;3.3415
126;68.9864;0.0;1.0;168.9346;150.0;0.0;0.0;1.5427;662.6534;30366.0;16673.6512;0.0;8.6921;10.0;766.5757;488.4393;581.4326;12.8483;9.2546;0.0;0.0;0.0;0.0;42.39;33.62;300.0;0.0;0.0;0.0;1656.0;1174.0;2.41;2.38;0.0;0.0;0.0;9.43;567.2425;560.7917;785.4327;662.6534;0.0;0.5616;1795.0;1.8512;3000.0;1.0;11.6;PHEV;18.0996;6.1204;0.2663;3.1781
127;76.5102;0.0;1.0;157.0377;150.0;0.0;0.0;1.0452;666.9518;30366.0;13486.0119;0.0;9.5031;10.0;766.4181;477.0206;577.7834;15.4303;9.0097;0.0;0.0;0.0;0.0;42.39;33.62;300.0;0.0;0.0;0.0;1656.0;1174.0;2.41;2.38;0.0;0.0;0.0;9.43;568.3964;566.2854;776.484;666.9518;0.0;0.7373;1795.0;1.8423;3000.0;1.0;11.6;PHEV;18.3807;7.1494;0.2654;3.2338
128;68.6791;0.0;1.0;153.7384;150.0;0.0;0.0;1.3612;662.8846;30366.0;16805.0406;0.0;9.1477;10.0;794.9039;490.775;580.8037;14.0251;9.1005;0.0;0.0;0.0;0.0;42.39;33.62;300.0;0.0;0.0;0.0;1656.0;1174.0;2.41;2.38;0.0;0.0;0.0;9.43;560.009;554.293;779.6496;662.8846;0.0;0.637;1795.0;1.8909;3000.0;1.0;11.6;PHEV;18.2462;6.6183;0.2704;3.2752
129;70.8728;0.0;1.0;144.6454;150.0;0.0;0.0;1.5284;670.6217;30366.0;15686.3176;0.0;8.3411;10.0;789.7163;473.1409;604.6217;14.5406;9.4765;0.0;0.0;0.0;0.0;42.39;33.62;300.0;0.0;0.0;0.0;1656.0;1174.0;2.41;2.38;0.0;0.0;0.0;9.43;558.5544;562.2369;781.8221;670.6217;0.0;0.5935;1795.0;1.3514;3000.0;1.0;11.6;PHEV;19.8417;6.8011;0.2637;3.3749
130;73.4476;0.0;1.0;156.8278;150.0;0.0;0.0;1.275;670.1061;30366.0;17155.6083;0.0;9.2524;10.0;786.3098;494.4676;596.9382;13.9532;9.8058;0.0;0.0;0.0;0.0;42.39;33.62;300.0;0.0;0.0;0.0;1656.0;1174.0;2.41;2.38;0.0;0.0;0.0;9.43;562.769;563.9569;785.0521;670.1061;0.0;0.6618;1795.0;1.4311;3000.0;1.0;11.6;PHEV;17.4509;7.1087;0.2675;3.2465
131;68.9889;0.0;1.0;170.2613;150.0;0.0;0.0;1.4909;669.1907;30366.0;17760.3863;0.0;8.6721;10.0;746.5477;479.1385;591.6768;14.0039;9.1967;0.0;0.0;0.0;0.0;42.39;33.62;300.0;0.0;0.0;0.0;1656.0;1174.0;2.41;2.38;0.0;0.0;0.0;9.43;570.5838;561.4154;778.1879;669.1907;0.0;0.6038;1795.0;1.4142;3000.0;1.0;11.6;PHEV;18.7491;6.7712;0.2786;3.3387
132;70.6755;0.0;1.0;132.7742;150.0;0.0;0.0;1.5387;674.9788;30366.0;16717.2082;0.0;8.9568;10.0;762.2061;467.3778;575.7188;14.6572;9.0626;0.0;0.0;0.0;0.0;42.39;33.62;300.0;0.0;0.0;0.0;1656.0;1174.0;2.41;2.38;0.0;0.0;0.0;9.43;562.1763;557.7745;778.3526;674.9788;0.0;0.6017;1795.0;1.7352;3000.0;1.0;11.6;PHEV;19.6853;7.0618;0.2892;3.4263
133;65.2329;0.0;1.0;150.3701;150.0;0.0;0.0;1.6988;662.9044;30366.0;15617.5466;0.0;8.1479;10.0;725.2045;495.9328;613.5045;12.8131;9.7795;0.0;0.0;0.0;0.0;42.39;33.62;300.0;0.0;0.0;0.0;1656.0;1174.0;2.41;2.38;0.0;0.0;0.0;9.43;558.0813;565.2666;775.4718;662.9044;0.0;0.5291;1795.0;1.8242;3000.0;1.0;11.6;PHEV;18.4685;6.4587;0.2889;3.283
134;68.9546;0.0;1.0;133.9631;150.0;0.0;0.0;1.5819;675.147;30366.0;15247.2305;0.0;8.025;10.0;723.0027;468.5363;614.1012;13.039;9.0828;0.0;0.0;0.0;0.0;42.39;33.62;300.0;0.0;0.0;0.0;1656.0;1174.0;2.41;2.38;0.0;0.0;0.0;9.43;564.8844;569.7573;777.2398;675.147;0.0;0.5561;1795.0;1.468;3000.0;1.0;11.6;PHEV;18.2794;6.4736;0.285;3.2067
135;66.4249;0.0;1.0;147.2826;150.0;0.0;0.0;1.775;660.2535;30366.0;13767.4858;0.0;8.7479;10.0;736.1357;484.2205;596.3534;13.3016;9.1638;0.0;0.0;0.0;0.0;42.39;33.62;300.0;0.0;0.0;0.0;1656.0;1174.0;2.41;2.38;0.0;0.0;0.0;9.43;555.0862;554.6109;774.3081;660.2535;0.0;0.5257;1795.0;1.4486;3000.0;1.0;11.6;PHEV;18.9777;7.0109;0.278;3.434
136;71.8816;0.0;1.0;169.2679;150.0;0.0;0.0;1.0339;666.5575;30366.0;16287.9437;0.0;8.9731;10.0;747.1209;468.7913;588.753;15.936;9.0894;0.0;0.0;0.0;0.0;42.39;33.62;300.0;0.0;0.0;0.0;1656.0;1174.0;2.41;2.38;0.0;0.0;0.0;9.43;552.1121;569.6554;775.9437;666.5575;0.0;0.7462;1795.0;1.4699;3000.0;1.0;11.6;PHEV;19.272;6.1292;0.2878;3.2273
137;72.0947;0.0;1.0;139.8806;150.0;0.0;0.0;1.3424;679.7088;30366.0;15418.4931;0.0;9.2838;10.0;762.6227;489.2844;577.7194;15.4082;9.3217;0.0;0.0;0.0;0.0;42.39;33.62;300.0;0.0;0.0;0.0;1656.0;1174.0;2.41;2.38;0.0;0.0;0.0;9.43;570.3662;568.2024;782.721;679.7088;0.0;0.6585;1795.0;1.4139;3000.0;1.0;11.6;PHEV;20.1328;6.2991;0.2853;3.3804
138;70.8312;0.0;1.0;138.1627;150.0;0.0;0.0;1.2981;666.0232;30366.0;17913.8071;0.0;9.3831;10.0;780.0923;493.894;612.1467;14.486;9.3801;0.0;0.0;0.0;0.0;42.39;33.62;300.0;0.0;0.0;0.0;1656.0;1174.0;2.41;2.38;0.0;0.0;0.0;9.43;562.5814;551.6248;785.7247;666.0232;0.0;0.6488;1795.0;1.4183;3000.0;1.0;11.6;PHEV;19.0207;6.1082;0.271;3.1957
139;69.5115;0.0;1.0;148.8575;150.0;0.0;0.0;1.3536;668.5362;30366.0;16948.586;0.0;9.6759;10.0;738.1918;470.4764;591.2996;15.863;9.181;0.0;0.0;0.0;0.0;42.39;33.62;300.0;0.0;0.0;0.0;1656.0;1174.0;2.41;2.38;0.0;0.0;0.0;9.43;550.7294;566.3588;789.3445;668.5362;0.0;0.6574;1795.0;1.7253;3000.0;1.0;11.6;PHEV;20.6894;6.6031;0.2801;3.4132
140;64.3199;0.0;1.0;142.084;150.0;0.0;0.0;1.6639;661.7843;30366.0;13931.8706;0.0;9.0936;10.0;727.953;483.8616;616.0619;13.9131;9.4359;0.0;0.0;0.0;0.0;42.39;33.62;300.0;0.0;0.0;0.0;1656.0;1174.0;2.41;2.38;0.0;0.0;0.0;9.43;558.1966;560.9911;786.5621;661.7843;0.0;0.5202;1795.0;1.757;3000.0;1.0;11.6;PHEV;20.2581;7.0337;0.2726;3.1725
141;67.9651;0.0;1.0;130.339;150.0;0.0;0.0;1.5154;668.8091;30366.0;15694.4526;0.0;8.5954;10.0;747.7346;463.7149;614.3484;13.9179;9.4689;0.0;0.0;0.0;0.0;42.39;33.62;300.0;0.0;0.0;0.0;1656.0;1174.0;2.41;2.38;0.0;0.0;0.0;9.43;559.6104;556.0107;786.8111;668.8091;0.0;0.6068;1795.0;1.4983;3000.0;1.0;11.6;PHEV;18.8222;6.3485;0.262;3.45
142;75.834;0.0;1.0;161.2185;150.0;0.0;0.0;1.0868;669.6249;30366.0;12521.6452;0.0;8.9003;10.0;796.89;451.7267;611.1245;15.98;9.172;0.0;0.0;0.0;0.0;42.39;33.62;300.0;0.0;0.0;0.0;1656.0;1174.0;2.41;2.38;0.0;0.0;0.0;9.43;552.5474;557.2652;775.1927;669.6249;0.0;0.7291;1795.0;1.6039;3000.0;1.0;11.6;PHEV;19.31;7.0184;0.2652;3.2978
143;76.1735;0.0;1.0;152.4591;150.0;0.0;0.0;1.0812;669.7132;30366.0;14509.8906;0.0;8.5999;10.0;796.2464;491.4877;583.5752;16.9362;9.2682;0.0;0.0;0.0;0.0;42.39;33.62;300.0;0.0;0.0;0.0;1656.0;1174.0;2.41;2.38;0.0;0.0;0.0;9.43;566.6582;558.7334;784.3966;669.7132;0.0;0.7422;1795.0;1.5052;3000.0;1.0;11.6;PHEV;20.7013;6.0977;0.2798;3.3883
144;71.405;0.0;1.0;135.6854;150.0;0.0;0.0;1.4618;676.0299;30366.0;12498.5469;0.0;8.2755;10.0;799.5517;489.232;597.8413;13.6632;9.9189;0.0;0.0;0.0;0.0;42.39;33.62;300.0;0.0;0.0;0.0;1656.0;1174.0;2.41;2.38;0.0;0.0;0.0;9.43;564.3172;550.1695;772.1142;676.0299;0.0;0.6115;1795.0;1.7821;3000.0;1.0;11.6;PHEV;18.0683;6.731;0.2633;3.3479
145;65.3454;0.0;1.0;146.8054;150.0;0.0;0.0;1.7466;673.2939;30366.0;16888.3418;0.0;8.3033;10.0;785.7943;485.9781;610.1405;13.4794;9.9387;0.0;0.0;0.0;0.0;42.39;33.62;300.0;0.0;0.0;0.0;1656.0;1174.0;2.41;2.38;0.0;0.0;0.0;9.43;565.1298;560.1549;777.645;673.2939;0.0;0.5364;1795.0;1.476;3000.0;1.0;11.6;PHEV;19.5775;6.4242;0.28;3.4434
146;69.3268;0.0;1.0;138.7717;150.0;0.0;0.0;1.4049;672.3163;30366.0;15382.0071;0.0;8.4955;10.0;789.4582;458.121;576.1883;13.3757;9.1079;0.0;0.0;0.0;0.0;42.39;33.62;300.0;0.0;0.0;0.0;1656.0;1174.0;2.41;2.38;0.0;0.0;0.0;9.43;555.789;565.7164;772.6981;672.3163;0.0;0.6157;1795.0;1.409;3000.0;1.0;11.6;PHEV;17.3687;6.9798;0.269;3.2244
147;73.7295;0.0;1.0;168.3213;150.0;0.0;0.0;1.1897;676.2015;30366.0;16450.0814;0.0;8.7611;10.0;783.2376;456.27;577.1082;14.5413;9.1458;0.0;0.0;0.0;0.0;42.39;33.62;300.0;0.0;0.0;0.0;1656.0;1174.0;2.41;2.38;0.0;0.0;0.0;9.43;557.3816;567.155;787.122;676.2015;0.0;0.6941;1795.0;1.8179;3000.0;1.0;11.6;PHEV;18.1263;6.4061;0.2603;3.2988
148;74.7108;0.0;1.0;153.5285;150.0;0.0;0.0;1.1477;679.6936;30366.0;15228.5216;0.0;9.185;10.0;760.6564;479.2967;576.5469;15.2386;9.986;0.0;0.0;0.0;0.0;42.39;33.62;300.0;0.0;0.0;0.0;1656.0;1174.0;2.41;2.38;0.0;0.0;0.0;9.43;556.9628;552.5969;774.8622;679.6936;0.0;0.7012;1795.0;1.5209;3000.0;1.0;11.6;PHEV;18.6116;7.3226;0.2733;3.1997
149;74.4652;0.0;1.0;132.2309;150.0;0.0;0.0;1.167;672.6514;30366.0;15499.7621;0.0;8.9371;10.0;733.6009;499.7483;585.6069;15.9227;9.1226;0.0;0.0;0.0;0.0;42.39;33.62;300.0;0.0;0.0;0.0;1656.0;1174.0;2.41;2.38;0.0;0.0;0.0;9.43;555.688;558.8864;779.3589;672.6514;0.0;0.7193;1795.0;1.5471;3000.0;1.0;11.6;PHEV;19.7589;6.0918;0.2833;3.4316
150;43.5911;0.0;1.0;0.0;0.0;0.0;0.0;3.3181;770.1861;24302.0;13689.9273;0.0;0.0;0.0;728.468;472.6132;610.7;6.9417;9.1894;0.0;0.0;0.0;0.0;58.76;0.0;0.0;0.0;0.0;0.0;1716.0;1120.0;2.4;2.25;0.0;0.0;0.0;0.0;558.6555;568.0502;770.1861;676.3114;0.0;0.0;1375.0;1.3193;0.0;1.0;11.6;ICEV;0.0;0.0;0.0;0.0
151;41.5363;0.0;1.0;0.0;0.0;0.0;0.0;3.4203;788.3495;24302.0;13298.1724;0.0;0.0;0.0;745.0559;459.4031;610.7908;7.2055;9.3411;0.0;0.0;0.0;0.0;58.76;0.0;0.0;0.0;0.0;0.0;1716.0;1120.0;2.4;2.25;0.0;0.0;0.0;0.0;567.4552;563.7417;788.3495;675.239;0.0;0.0;1375.0;1.3449;0.0;1.0;11.6;ICEV;0.0;0.0;0.0;0.0
152;44.7582;0.0;1.0;0.0;0.0;0.0;0.0;3.4385;782.0322;24302.0;14849.8841;0.0;0.0;0.0;787.811;450.7735;613.4905;7.3337;9.8943;0.0;0.0;0.0;0.0;58.76;0.0;0.0;0.0;0.0;0.0;1716.0;1120.0;2.4;2.25;0.0;0.0;0.0;0.0;569.2231;558.2678;782.0322;676.4122;0.0;0.0;1375.0;1.8395;0.0;1.0;11.6;ICEV;0.0;0.0;0.0;0.0
153;41.6287;0.0;1.0;0.0;0.0;0.0;0.0;3.2958;782.3973;24302.0;14015.7778;0.0;0.0;0.0;786.9977;488.0644;589.8338;6.0671;9.4621;0.0;0.0;0.0;0.0;58.76;0.0;0.0;0.0;0.0;0.0;1716.0;1120.0;2.4;2.25;0.0;0.0;0.0;0.0;559.2139;562.3648;782.3973;677.2426;0.0;0.0;1375.0;1.6024;0.0;1.0;11.6;ICEV;0.0;0.0;0.0;0.0
154;42.3648;0.0;1.0;0.0;0.0;0.0;0.0;3.4103;787.2936;24302.0;12273.7094;0.0;0.0;0.0;795.5441;493.1682;616.842;6.3193;9.5546;0.0;0.0;0.0;0.0;58.76;0.0;0.0;0.0;0.0;0.0;1716.0;1120.0;2.4;2.25;0.0;0.0;0.0;0.0;570.3702;565.9058;787.2936;675.5284;0.0;0.0;1375.0;1.6712;0.0;1.0;11.6;ICEV;0.0;0.0;0.0;0.0
155;42.07;0.0;1.0;0.0;0.0;0.0;0.0;3.1703;785.6243;24302.0;17998.7687;0.0;0.0;0.0;774.2254;496.661;590.6291;7.2003;9.4503;0.0;0.0;0.0;0.0;58.76;0.0;0.0;0.0;0.0;0.0;1716.0;1120.0;2.4;2.25;0.0;0.0;0.0;0.0;567.0322;553.2063;785.6243;678.5636;0.0;0.0;1375.0;1.8878;0.0;1.0;11.6;ICEV;0.0;0.0;0.0;0.0
156;41.8883;0.0;1.0;0.0;0.0;0.0;0.0;3.2673;783.2603;24302.0;13638.1961;0.0;0.0;0.0;798.017;454.5488;582.2096;6.914;9.7643;0.0;0.0;0.0;0.0;58.76;0.0;0.0;0.0;0.0;0.0;1716.0;1120.0;2.4;2.25;0.0;0.0;0.0;0.0;556.3508;558.4108;783.2603;669.9324;0.0;0.0;1375.0;1.6797;0.0;1.0;11.6;ICEV;0.0;0.0;0.0;0.0
157;43.5788;0.0;1.0;0.0;0.0;0.0;0.0;3.3664;782.1586;24302.0;16124.9145;0.0;0.0;0.0;767.879;466.9205;609.5518;6.6417;9.6997;0.0;0.0;0.0;0.0;58.76;0.0;0.0;0.0;0.0;0.0;1716.0;1120.0;2.4;2.25;0.0;0.0;0.0;0.0;550.4591;565.6679;782.1586;661.1207;0.0;0.0;1375.0;1.7784;0.0;1.0;11.6;ICEV;0.0;0.0;0.0;0.0
158;43.7686;0.0;1.0;0.0;0.0;0.0;0.0;3.2587;778.841;24302.0;15901.5597;0.0;0.0;0.0;756.3143;466.6845;605.2411;6.6824;9.3719;0.0;0.0;0.0;0.0;58.76;0.0;0.0;0.0;0.0;0.0;1716.0;1120.0;2.4;2.25;0.0;0.0;0.0;0.0;564.111;555.8289;778.841;671.7239;0.0;0.0;1375.0;1.8292;0.0;1.0;11.6;ICEV;0.0;0.0;0.0;0.0
159;43.99;0.0;1.0;0.0;0.0;0.0;0.0;3.235;787.7005;24302.0;13245.4307;0.0;0.0;0.0;785.4411;465.8145;576.3582;6.9843;9.703;0.0;0.0;0.0;0.0;58.76;0.0;0.0;0.0;0.0;0.0;1716.0;1120.0;2.4;2.25;0.0;0.0;0.0;0.0;563.5141;556.574;787.7005;675.3165;0.0;0.0;1375.0;1.8014;0.0;1.0;11.6;ICEV;0.0;0.0;0.0;0.0
160;43.1446;0.0;1.0;0.0;0.0;0.0;0.0;3.279;778.2345;24302.0;12169.1646;0.0;0.0;0.0;777.2871;473.3114;612.4085;6.4385;9.9721;0.0;0.0;0.0;0.0;58.76;0.0;0.0;0.0;0.0;0.0;1716.0;1120.0;2.4;2.25;0.0;0.0;0.0;0.0;569.9307;563.5258;778.2345;669.4587;0.0;0.0;1375.0;1.5177;0.0;1.0;11.6;ICEV;0.0;0.0;0.0;0.0
161;45.2981;0.0;1.0;0.0;0.0;0.0;0.0;3.4356;771.7487;24302.0;17114.3015;0.0;0.0;0.0;756.9197;455.644;587.1714;6.7482;9.7294;0.0;0.0;0.0;0.0;58.76;0.0;0.0;0.0;0.0;0.0;1716.0;1120.0;2.4;2.25;0.0;0.0;0.0;0.0;563.9975;561.9154;771.7487;665.056;0.0;0.0;1375.0;1.6596;0.0;1.0;11.6;ICEV;0.0;0.0;0.0;0.0
162;41.484;0.0;1.0;0.0;0.0;0.0;0.0;3.2019;774.1456;24302.0;15863.5873;0.0;0.0;0.0;799.1738;495.2365;614.7255;7.0376;9.4008;0.0;0.0;0.0;0.0;58.76;0.0;0.0;0.0;0.0;0.0;1716.0;1120.0;2.4;2.25;0.0;0.0;0.0;0.0;564.4245;562.4864;774.1456;664.3128;0.0;0.0;1375.0;1.6261;0.0;1.0;11.6;ICEV;0.0;0.0;0.0;0.0
163;43.5195;0.0;1.0;0.0;0.0;0.0;0.0;3.4329;786.9751;24302.0;12920.9232;0.0;0.0;0.0;768.9431;460.9853;622.5712;6.798;9.0185;0.0;0.0;0.0;0.0;58.76;0.0;0.0;0.0;0.0;0.0;1716.0;1120.0;2.4;2.25;0.0;0.0;0.0;0.0;554.1124;551.0666;786.9751;666.2607;0.0;0.0;1375.0;1.7024;0.0;1.0;11.6;ICEV;0.0;0.0;0.0;0.0
164;43.5324;0.0;1.0;0.0;0.0;0.0;0.0;3.2735;775.38;24302.0;14699.4345;0.0;0.0;0.0;756.8296;482.5341;575.4125;6.0738;9.5213;0.0;0.0;0.0;0.0;58.76;0.0;0.0;0.0;0.0;0.0;1716.0;1120.0;2.4;2.25;0.0;0.0;0.0;0.0;570.0408;567.0527;775.38;663.1703;0.0;0.0;1375.0;1.7418;0.0;1.0;11.6;ICEV;0.0;0.0;0.0;0.0
165;42.6464;0.0;1.0;0.0;0.0;0.0;0.0;3.3572;783.3165;24302.0;16753.8182;0.0;0.0;0.0;729.7801;472.8438;578.0028;7.2943;9.9117;0.0;0.0;0.0;0.0;58.76;0.0;0.0;0.0;0.0;0.0;1716.0;1120.0;2.4;2.25;0.0;0.0;0.0;0.0;556.9091;561.3429;783.3165;665.2358;0.0;0.0;1375.0;1.8561;0.0;1.0;11.6;ICEV;0.0;0.0;0.0;0.0
166;41.2982;0.0;1.0;0.0;0.0;0.0;0.0;3.3834;773.6183;24302.0;15088.8868;0.0;0.0;0.0;772.4945;457.2328;602.9356;7.2555;9.5787;0.0;0.0;0.0;0.0;58.76;0.0;0.0;0.0;0.0;0.0;1716.0;1120.0;2.4;2.25;0.0;0.0;0.0;0.0;552.8203;559.1622;773.6183;673.7327;0.0;0.0;1375.0;1.5221;0.0;1.0;11.6;ICEV;0.0;0.0;0.0;0.0
167;43.4412;0.0;1.0;0.0;0.0;0.0;0.0;3.3952;780.3136;24302.0;13046.2553;0.0;0.0;0.0;746.222;492.626;577.3891;6.1491;9.4599;0.0;0.0;0.0;0.0;58.76;0.0;0.0;0.0;0.0;0.0;1716.0;1120.0;2.4;2.25;0.0;0.0;0.0;0.0;553.8355;561.5668;780.3136;674.0709;0.0;0.0;1375.0;1.323;0.0;1.0;11.6;ICEV;0.0;0.0;0.0;0.0
168;44.9185;0.0;1.0;0.0;0.0;0.0;0.0;3.4686;779.177;24302.0;15972.6431;0.0;0.0;0.0;737.2277;481.3141;622.1072;6.2009;9.7054;0.0;0.0;0.0;0.0;58.76;0.0;0.0;0.0;0.0;0.0;1716.0;1120.0;2.4;2.25;0.0;0.0;0.0;0.0;566.3408;564.7353;779.177;660.1984;0.0;0.0;1375.0;1.3819;0.0;1.0;11.6;ICEV;0.0;0.0;0.0;0.0
169;44.1717;0.0;1.0;0.0;0.0;0.0;0.0;3.3654;784.5952;24302.0;12641.8388;0.0;0.0;0.0;782.792;473.5481;610.304;6.8853;9.3898;0.0;0.0;0.0;0.0;58.76;0.0;0.0;0.0;0.0;0.0;1716.0;1120.0;2.4;2.25;0.0;0.0;0.0;0.0;569.0501;555.6065;784.5952;671.3116;0.0;0.0;1375.0;1.864;0.0;1.0;11.6;ICEV;0.0;0.0;0.0;0.0
170;45.1864;0.0;1.0;0.0;0.0;0.0;0.0;3.1686;783.5046;24302.0;15754.1612;0.0;0.0;0.0;765.7858;489.6475;598.2162;6.156;9.4419;0.0;0.0;0.0;0.0;58.76;0.0;0.0;0.0;0.0;0.0;1716.0;1120.0;2.4;2.25;0.0;0.0;0.0;0.0;555.351;555.1407;783.5046;677.7714;0.0;0.0;1375.0;1.5355;0.0;1.0;11.6;ICEV;0.0;0.0;0.0;0.0
171;42.7029;0.0;1.0;0.0;0.0;0.0;0.0;3.245;785.2382;24302.0;12863.6404;0.0;0.0;0.0;726.4052;480.2533;617.4685;6.1601;9.2866;0.0;0.0;0.0;0.0;58.76;0.0;0.0;0.0;0.0;0.0;1716.0;1120.0;2.4;2.25;0.0;0.0;0.0;0.0;563.8844;566.7062;785.2382;677.5246;0.0;0.0;1375.0;1.7113;0.0;1.0;11.6;ICEV;0.0;0.0;0.0;0.0
172;42.5872;0.0;1.0;0.0;0.0;0.0;0.0;3.1771;776.1133;24302.0;14108.5227;0.0;0.0;0.0;794.3135;498.8803;587.8772;7.0898;9.6252;0.0;0.0;0.0;0.0;58.76;0.0;0.0;0.0;0.0;0.0;1716.0;1120.0;2.4;2.25;0.0;0.0;0.0;0.0;553.9559;562.5252;776.1133;661.2701;0.0;0.0;1375.0;1.3778;0.0;1.0;11.6;ICEV;0.0;0.0;0.0;0.0
173;43.8763;0.0;1.0;0.0;0.0;0.0;0.0;3.1877;770.4279;24302.0;13806.8335;0.0;0.0;0.0;725.7726;486.3801;615.7644;7.3603;9.9257;0.0;0.0;0.0;0.0;58.76;0.0;0.0;0.0;0.0;0.0;1716.0;1120.0;2.4;2.25;0.0;0.0;0.0;0.0;570.9462;568.3426;770.4279;667.6314;0.0;0.0;1375.0;1.682;0.0;1.0;11.6;ICEV;0.0;0.0;0.0;0.0
174;41.1759;0.0;1.0;0.0;0.0;0.0;0.0;3.3261;776.2262;24302.0;15133.1537;0.0;0.0;0.0;784.8051;497.0285;602.027;6.4813;9.8957;0.0;0.0;0.0;0.0;58.76;0.0;0.0;0.0;0.0;0.0;1716.0;1120.0;2.4;2.25;0.0;0.0;0.0;0.0;565.0679;550.4686;776.2262;674.5935;0.0;0.0;1375.0;1.4646;0.0;1.0;11.6;ICEV;0.0;0.0;0.0;0.0
175;43.8251;0.0;1.0;0.0;0.0;0.0;0.0;3.1738;782.9813;24302.0;13579.7385;0.0;0.0;0.0;781.5507;453.8328;614.9988;6.1414;9.6348;0.0;0.0;0.0;0.0;58.76;0.0;0.0;0.0;0.0;0.0;1716.0;1120.0;2.4;2.25;0.0;0.0;0.0;0.0;566.571;556.8798;782.9813;665.3962;0.0;0.0;1375.0;1.717;0.0;1.0;11.6;ICEV;0.0;0.0;0.0;0.0
176;44.412;0.0;1.0;0.0;0.0;0.0;0.0;3.2766;771.931;24302.0;17573.9207;0.0;0.0;0.0;734.4063;482.8319;581.0933;6.2534;9.9697;0.0;0.0;0.0;0.0;58.76;0.0;0.0;0.0;0.0;0.0;1716.0;1120.0;2.4;2.25;0.0;0.0;0.0;0.0;552.0603;566.1187;771.931;671.003;0.0;0.0;1375.0;1.6204;0.0;1.0;11.6;ICEV;0.0;0.0;0.0;0.0
177;44.5063;0.0;1.0;0.0;0.0;0.0;0.0;3.2717;788.8985;24302.0;12743.3994;0.0;0.0;0.0;770.1726;456.7299;586.307;6.5484;9.6243;0.0;0.0;0.0;0.0;58.76;0.0;0.0;0.0;0.0;0.0;1716.0;1120.0;2.4;2.25;0.0;0.0;0.0;0.0;565.3871;568.8619;788.8985;678.0645;0.0;0.0;1375.0;1.3956;0.0;1.0;11.6;ICEV;0.0;0.0;0.0;0.0
178;42.3239;0.0;1.0;0.0;0.0;0.0;0.0;3.4009;777.0146;24302.0;13328.6584;0.0;0.0;0.0;771.5156;482.4825;582.8656;7.1344;9.0698;0.0;0.0;0.0;0.0;58.76;0.0;0.0;0.0;0.0;0.0;1716.0;1120.0;2.4;2.25;0.0;0.0;0.0;0.0;558.1084;550.7075;777.0146;664.9329;0.0;0.0;1375.0;1.7715;0.0;1.0;11.6;ICEV;0.0;0.0;0.0;0.0
179;42.5311;0.0;1.0;0.0;0.0;0.0;0.0;3.3524;781.5923;24302.0;14173.657;0.0;0.0;0.0;752.7136;473.8575;584.6391;6.488;9.4838;0.0;0.0;0.0;0.0;58.76;0.0;0.0;0.0;0.0;0.0;1716.0;1120.0;2.4;2.25;0.0;0.0;0.0;0.0;556.6497;567.2576;781.5923;665.6504;0.0;0.0;1375.0;1.4542;0.0;1.0;11.6;ICEV;0.0;0.0;0.0;0.0
180;41.966;0.0;1.0;0.0;0.0;0.0;0.0;3.3269;782.219;24302.0;13077.7409;0.0;0.0;0.0;742.6621;489.8673;618.7835;6.0457;9.5664;0.0;0.0;0.0;0.0;58.76;0.0;0.0;0.0;0.0;0.0;1716.0;1120.0;2.4;2.25;0.0;0.0;0.0;0.0;561.8348;556.7526;782.219;668.1972;0.0;0.0;1375.0;1.623;0.0;1.0;11.6;ICEV;0.0;0.0;0.0;0.0
181;45.2632;0.0;1.0;0.0;0.0;0.0;0.0;3.2429;770.315;24302.0;15998.4057;0.0;0.0;0.0;797.1342;478.0071;612.8789;6.5634;9.6646;0.0;0.0;0.0;0.0;58.76;0.0;0.0;0.0;0.0;0.0;1716.0;1120.0;2.4;2.25;0.0;0.0;0.0;0.0;551.2531;554.0486;770.315;677.8231;0.0;0.0;1375.0;1.4976;0.0;1.0;11.6;ICEV;0.0;0.0;0.0;0.0
182;42.6642;0.0;1.0;0.0;0.0;0.0;0.0;3.2213;779.7649;24302.0;13150.6635;0.0;0.0;0.0;751.0469;475.0225;595.4096;6.5174;9.6018;0.0;0.0;0.0;0.0;58.76;0.0;0.0;0.0;0.0;0.0;1716.0;1120.0;2.4;2.25;0.0;0.0;0.0;0.0;564.2503;555.9364;779.7649;676.6503;0.0;0.0;1375.0;1.6076;0.0;1.0;11.6;ICEV;0.0;0.0;0.0;0.0
183;41.7779;0.0;1.0;0.0;0.0;0.0;0.0;3.3014;778.9748;24302.0;16022.0464;0.0;0.0;0.0;762.761;474.4327;590.038;6.5091;9.7593;0.0;0.0;0.0;0.0;58.76;0.0;0.0;0.0;0.0;0.0;1716.0;1120.0;2.4;2.25;0.0;0.0;0.0;0.0;568.2224;556.3058;778.9748;661.3413;0.0;0.0;1375.0;1.5677;0.0;1.0;11.6;ICEV;0.0;0.0;0.0;0.0
184;43.8323;0.0;1.0;0.0;0.0;0.0;0.0;3.159;780.083;24302.0;17705.3775;0.0;0.0;0.0;792.0232;497.6226;611.8234;6.2888;9.689;0.0;0.0;0.0;0.0;58.76;0.0;0.0;0.0;0.0;0.0;1716.0;1120.0;2.4;2.25;0.0;0.0;0.0;0.0;555.3961;553.0282;780.083;674.1193;0.0;0.0;1375.0;1.846;0.0;1.0;11.6;ICEV;0.0;0.0;0.0;0.0
185;44.9899;0.0;1.0;0.0;0.0;0.0;0.0;3.1488;773.9198;24302.0;16518.7317;0.0;0.0;0.0;755.1188;480.5887;596.5115;7.1758;9.1589;0.0;0.0;0.0;0.0;58.76;0.0;0.0;0.0;0.0;0.0;1716.0;1120.0;2.4;2.25;0.0;0.0;0.0;0.0;551.0098;567.9272;773.9198;666.8074;0.0;0.0;1375.0;1.5084;0.0;1.0;11.6;ICEV;0.0;0.0;0.0;0.0
186;42.2563;0.0;1.0;0.0;0.0;0.0;0.0;3.4207;789.1938;24302.0;14614.6227;0.0;0.0;0.0;779.219;471.5661;605.5803;6.4721;9.6813;0.0;0.0;0.0;0.0;58.76;0.0;0.0;0.0;0.0;0.0;1716.0;1120.0;2.4;2.25;0.0;0.0;0.0;0.0;556.4831;569.8121;789.1938;679.8505;0.0;0.0;1375.0;1.3256;0.0;1.0;11.6;ICEV;0.0;0.0;0.0;0.0
187;44.796;0.0;1.0;0.0;0.0;0.0;0.0;3.3931;781.0556;24302.0;16390.8393;0.0;0.0;0.0;749.4797;498.6947;600.6708;7.2325;9.8301;0.0;0.0;0.0;0.0;58.76;0.0;0.0;0.0;0.0;0.0;1716.0;1120.0;2.4;2.25;0.0;0.0;0.0;0.0;560.9598;552.4111;781.0556;677.066;0.0;0.0;1375.0;1.5762;0.0;1.0;11.6;ICEV;0.0;0.0;0.0;0.0
188;42.559;0.0;1.0;0.0;0.0;0.0;0.0;3.3404;781.4169;24302.0;14924.2983;0.0;0.0;0.0;776.1518;457.624;575.006;6.7846;9.9769;0.0;0.0;0.0;0.0;58.76;0.0;0.0;0.0;0.0;0.0;1716.0;1120.0;2.4;2.25;0.0;0.0;0.0;0.0;557.1737;563.2868;781.4169;660.7618;0.0;0.0;1375.0;1.6097;0.0;1.0;11.6;ICEV;0.0;0.0;0.0;0.0
189;44.0661;0.0;1.0;0.0;0.0;0.0;0.0;3.2658;789.2776;24302.0;16212.3043;0.0;0.0;0.0;773.8124;454.4646;592.5133;7.2446;9.0986;0.0;0.0;0.0;0.0;58.76;0.0;0.0;0.0;0.0;0.0;1716.0;1120.0;2.4;2.25;0.0;0.0;0.0;0.0;568.6029;567.7091;789.2776;673.9046;0.0;0.0;1375.0;1.5666;0.0;1.0;11.6;ICEV;0.0;0.0;0.0;0.0
190;43.5535;0.0;1.0;0.0;0.0;0.0;0.0;3.3788;779.4483;24302.0;14755.3185;0.0;0.0;0.0;726.5702;496.4074;608.4978;6.8888;9.1376;0.0;0.0;0.0;0.0;58.76;0.0;0.0;0.0;0.0;0.0;1716.0;1120.0;2.4;2.25;0.0;0.0;0.0;0.0;552.4008;553.8539;779.4483;676.8759;0.0;0.0;1375.0;1.6625;0.0;1.0;11.6;ICEV;0.0;0.0;0.0;0.0
191;42.9497;0.0;1.0;0.0;0.0;0.0;0.0;3.232;782.5708;24302.0;15112.6746;0.0;0.0;0.0;795.1221;469.6068;621.5116;6.8367;9.2412;0.0;0.0;0.0;0.0;58.76;0.0;0.0;0.0;0.0;0.0;1716.0;1120.0;2.4;2.25;0.0;0.0;0.0;0.0;563.1718;564.5689;782.5708;670.9321;0.0;0.0;1375.0;1.8213;0.0;1.0;11.6;ICEV;0.0;0.0;0.0;0.0
192;42.4134;0.0;1.0;0.0;0.0;0.0;0.0;3.4642;789.9026;24302.0;17465.3306;0.0;0.0;0.0;779.9184;451.7687;611.7174;7.2745;9.2113;0.0;0.0;0.0;0.0;58.76;0.0;0.0;0.0;0.0;0.0;1716.0;1120.0;2.4;2.25;0.0;0.0;0.0;0.0;570.2214;550.886;789.9026;675.0478;0.0;0.0;1375.0;1.6296;0.0;1.0;11.6;ICEV;0.0;0.0;0.0;0.0
193;42.4008;0.0;1.0;0.0;0.0;0.0;0.0;3.2886;785.9987;24302.0;15786.9156;0.0;0.0;0.0;778.6963;496.986;607.7233;7.3493;9.8161;0.0;0.0;0.0;0.0;58.76;0.0;0.0;0.0;0.0;0.0;1716.0;1120.0;2.4;2.25;0.0;0.0;0.0;0.0;558.4076;563.8615;785.9987;677.649;0.0;0.0;1375.0;1.5587;0.0;1.0;11.6;ICEV;0.0;0.0;0.0;0.0
194;44.0521;0.0;1.0;0.0;0.0;0.0;0.0;3.3897;771.8834;24302.0;14901.544;0.0;0.0;0.0;741.7442;462.822;607.8999;6.9919;9.338;0.0;0.0;0.0;0.0;58.76;0.0;0.0;0.0;0.0;0.0;1716.0;1120.0;2.4;2.25;0.0;0.0;0.0;0.0;552.6588;563.3998;771.8834;662.5006;0.0;0.0;1375.0;1.373;0.0;1.0;11.6;ICEV;0.0;0.0;0.0;0.0
195;43.3833;0.0;1.0;0.0;0.0;0.0;0.0;3.3233;783.4602;24302.0;17372.57;0.0;0.0;0.0;775.4097;454.8086;624.955;6.7018;9.745;0.0;0.0;0.0;0.0;58.76;0.0;0.0;0.0;0.0;0.0;1716.0;1120.0;2.4;2.25;0.0;0.0;0.0;0.0;556.2662;554.9891;783.4602;665.8763;0.0;0.0;1375.0;1.4428;0.0;1.0;11.6;ICEV;0.0;0.0;0.0;0.0
196;42.1059;0.0;1.0;0.0;0.0;0.0;0.0;3.182;770.051;24302.0;12128.2424;0.0;0.0;0.0;735.9009;492.8411;601.6367;6.2232;9.4984;0.0;0.0;0.0;0.0;58.76;0.0;0.0;0.0;0.0;0.0;1716.0;1120.0;2.4;2.25;0.0;0.0;0.0;0.0;568.5603;569.1228;770.051;677.979;0.0;0.0;1375.0;1.7993;0.0;1.0;11.6;ICEV;0.0;0.0;0.0;0.0
197;41.0846;0.0;1.0;0.0;0.0;0.0;0.0;3.3706;782.6868;24302.0;14299.4381;0.0;0.0;0.0;777.1579;492.1406;586.0168;7.2882;9.9568;0.0;0.0;0.0;0.0;58.76;0.0;0.0;0.0;0.0;0.0;1716.0;1120.0;2.4;2.25;0.0;0.0;0.0;0.0;569.1753;557.5874;782.6868;678.4417;0.0;0.0;1375.0;1.5904;0.0;1.0;11.6;ICEV;0.0;0.0;0.0;0.0
198;43.6929;0.0;1.0;0.0;0.0;0.0;0.0;3.4064;788.9668;24302.0;17368.2546;0.0;0.0;0.0;736.7576;467.9678;594.0489;6.1784;9.5729;0.0;0.0;0.0;0.0;58.76;0.0;0.0;0.0;0.0;0.0;1716.0;1120.0;2.4;2.25;0.0;0.0;0.0;0.0;553.7395;567.4114;788.9668;672.5295;0.0;0.0;1375.0;1.5633;0.0;1.0;11.6;ICEV;0.0;0.0;0.0;0.0
199;44.8164;0.0;1.0;0.0;0.0;0.0;0.0;3.311;773.2079;24302.0;17521.4271;0.0;0.0;0.0;782.6105;480.9615;597.2958;7.1668;9.2907;0.0;0.0;0.0;0.0;58.76;0.0;0.0;0.0;0.0;0.0;1716.0;1120.0;2.4;2.25;0.0;0.0;0.0;0.0;560.4;551.7597;773.2079;678.9629;0.0;0.0;1375.0;1.4288;0.0;1.0;11.6;ICEV;0.0;0.0;0.0;0.0
